year,united_states,russia,iran,china,canada,afghanistan,albania,algeria,angola,argentina,australia,austria,azerbaijan,bahrain,bangladesh,barbados,belarus,belgium,bolivia,bosnia_and_herzegovina,brazil,brunei,bulgaria,cameroon,chile,colombia,congo,cote_divoire,croatia,cuba,czechia,czechoslovakia,denmark,east_timor,ecuador,egypt,equatorial_guinea,france,gabon,georgia,germany,ghana,greece,hungary,india,indonesia,iraq,ireland,israel,italy,japan,jordan,kazakhstan,kuwait,kyrgyzstan,libya,malaysia,mexico,moldova,morocco,mozambique,myanmar,netherlands,new_zealand,nigeria,norway,oman,pakistan,papua_new_guinea,peru,philippines,poland,qatar,romania,saudi_arabia,senegal,serbia,slovakia,slovenia,south_africa,south_korea,spain,switzerland,syria,taiwan,tajikistan,tanzania,thailand,trinidad_and_tobago,tunisia,turkey,turkmenistan,ussr,ukraine,united_arab_emirates,united_kingdom,uzbekistan,venezuela,vietnam,world,yemen,yugoslavia
1900,0.26582551,,0,0,0,0,0,0,0,0,0,0,,0,0,0,,0,0,,0,0,0,,0,0,,,,,,0,0,,0,0,,0,,,0,,0,0,0,0,0,0,0,0,0,,,0,,0,0,0,,0,,0,0,0,0,0,0,0,,0,,0,0,0,0,,,,,,0,0,0,0,0,,,0,0,0,0,,0,0,0,0,,0,,0.26582551,,0
1901,0.29458103,,0,0,0,0,0,0,0,0,0,0,,0,0,0,,0,0,,0,0,0,,0,0,,,,,,0,0,,0,0,,0,,,0,,0,0,0,0,0,0,0,0,0,,,0,,0,0,0,,0,,0,0,0,0,0,0,0,,0,,0,0,0,0,,,,,,0,0,0,0,0,,,0,0,0,0,,0,0,0,0,,0,,0.29458103,,0
1902,0.32333653,,0,0,0,0,0,0,0,0,0,0,,0,0,0,,0,0,,0,0,0,,0,0,,,,,,0,0,,0,0,,0,,,0,,0,0,0,0,0,0,0,0,0,,,0,,0,0,0,,0,,0,0,0,0,0,0,0,,0,,0,0,0,0,,,,,,0,0,0,0,0,,,0,0,0,0,,0,0,0,0,,0,,0.32333653,,0
1903,0.35209204,,0,0,0,0,0,0,0,0,0,0,,0,0,0,,0,0,,0,0,0,,0,0,,,,,,0,0,,0,0,,0,,,0,,0,0,0,0,0,0,0,0,0,,,0,,0,0,0,,0,,0,0,0,0,0,0,0,,0,,0,0,0,0,,,,,,0,0,0,0,0,,,0,0,0,0,,0,0,0,0,,0,,0.35209204,,0
1904,0.38084755,,0,0,0,0,0,0,0,0,0,0,,0,0,0,,0,0,,0,0,0,,0,0,,,,,,0,0,,0,0,,0,,,0,,0,0,0,0,0,0,0,0,0,,,0,,0,0,0,,0,,0,0,0,0,0,0,0,,0,,0,0,0,0,,,,,,0,0,0,0,0,,,0,0,0,0,,0,0,0,0,,0,,0.38084755,,0
1905,0.40960305,,0,0,0,0,0,0,0,0,0,0,,0,0,0,,0,0,,0,0,0,,0,0,,,,,,0,0,,0,0,,0,,,0,,0,0,0,0,0,0,0,0,0,,,0,,0,0,0,,0,,0,0,0,0,0,0,0,,0,,0,0,0,0,,,,,,0,0,0,0,0,,,0,0,0,0,,0,0,0,0,,0,,0.40960305,,0
1906,0.43835856,,0,0,0,0,0,0,0,0,0,0,,0,0,0,,0,0,,0,0,0,,0,0,,,,,,0,0,,0,0,,0,,,0,,0,0,0,0,0,0,0,0,0,,,0,,0,0,0,,0,,0,0,0,0,0,0,0,,0,,0,0,0,0,,,,,,0,0,0,0,0,,,0,0,0,0,,0,0,0,0,,0,,0.43835856,,0
1907,0.46711404,,0,0,0,0,0,0,0,0,0,0,,0,0,0,,0,0,,0,0,0,,0,0,,,,,,0,0,,0,0,,0,,,0,,0,0,0,0,0,0,0,0,0,,,0,,0,0,0,,0,,0,0,0,0,0,0,0,,0,,0,0,0,0,,,,,,0,0,0,0,0,,,0,0,0,0,,0,0,0,0,,0,,0.46711404,,0
1908,0.49586958,,0,0,0,0,0,0,0,0,0,0,,0,0,0,,0,0,,0,0,0,,0,0,,,,,,0,0,,0,0,,0,,,0,,0,0,0,0,0,0,0,0,0,,,0,,0,0,0,,0,,0,0,0,0,0,0,0,,0,,0,0,0,0,,,,,,0,0,0,0,0,,,0,0,0,0,,0,0,0,0,,0,,0.49586958,,0
1909,0.52462508,,0,0,0,0,0,0,0,0,0,0,,0,0,0,,0,0,,0,0,0,,0,0,,,,,,0,0,,0,0,,0,,,0,,0,0,0,0,0,0,0,0,0,,,0,,0,0,0,,0,,0,0,0,0,0,0,0,,0,,0,0,0,0,,,,,,0,0,0,0,0,,,0,0,0,0,,0,0,0,0,,0,,0.52462508,,0
1910,0.55338059,,0,0,0.01393987,0,0,0,0,0,0,0,,0,0,0,,0,0,,0,0,0,,0,0,,,,,,0,0,,0,0,,0,,,0,,0,0,0,0,0,0,0,0,0,,,0,,0,0,0,,0,,0,0,0,0,0,0,0,,0,,0,0,0,0,,,,,,0,0,0,0,0,,,0,0,0,0,,0,0,0,0,,0,,0.5673204,,0
1911,0.58321148,,0,0,0.01426372,0,0,0,0,0,0,0,,0,0,0,,0,0,,0,0,0,,0,0,,,,,,0,0,,0,0,,0,,,0,,0,0,0,0,0,0,0,0,0,,,0,,0,0,0,,0,,0,0,0,0,0,0,0,,0,,0,0,0,0,,,,,,0,0,0,0,0,,,0,0,0,0,,0,0,0,0,,0,,0.59747519,,0
1912,0.61304245,,0,0,0.01458758,0,0,0,0,0,0,0,,0,0,0,,0,0,,0,0,0,,0,0,,,,,,0,0,,0,0,,0,,,0,,0,0,0,0,0,0,0,0,0,,,0,,0,0,0,,0,,0,0,0,0,0,0,0,,0,,0,0,0,0,,,,,,0,0,0,0,0,,,0,0,0,0,,0,0,0,0,,0,,0.62762998,,0
1913,0.64287335,,0,0,0.01491143,0,0,0,0,0,0,0,,0,0,0,,0,0,,0,0,0,,0,0,,,,,,0,0,,0,0,,0,,,0,,0,0,0,0,0,0,0,0,0,,,0,,0,0,0,,0,,0,0,0,0,0,0,0,,0,,0,0,0,0,,,,,,0,0,0,0,0,,,0,0,0,0,,0,0,0,0,,0,,0.65778476,,0
1914,0.67270424,,0,0,0.01523529,0,0,0,0,0,0,0,,0,0,0,,0,0,,0,0,0,,0,0,,,,,,0,0,,0,0,,0,,,0,,0,0,0,0,0,0,0,0,0,,,0,,0,0,0,,0,,0,0,0,0,0,0,0,,0,,0,0,0,0,,,,,,0,0,0,0,0,,,0,0,0,0,,0,0,0,0,,0,,0.68793952,,0
1915,0.70253521,,0,0,0.01555915,0,0,0,0,0,0,0,,0,0,0,,0,0,,0,0,0,,0,0,,,,,,0,0,,0,0,,0,,,0,,0,0,0,0,0,0,0,0,0,,,0,,0,0,0,,0,,0,0,0,0,0,0,0,,0,,0,0,0,0,,,,,,0,0,0,0,0,,,0,0,0,0,,0,0,0,0,,0,,0.7180943,,0
1916,0.73236611,,0,0,0.015883,0,0,0,0,0,0,0,,0,0,0,,0,0,,0,0,0,,0,0,,,,,,0,0,,0,0,,0,,,0,,0,0,0,0,0,0,0,0,0,,,0,,0,0,0,,0,,0,0,0,0,0,0,0,,0,,0,0,0,0,,,,,,0,0,0,0,0,,,0,0,0,0,,0,0,0,0,,0,,0.74824913,,0
1917,0.76219704,,0,0,0.01620686,0,0,0,0,0,0,0,,0,0,0,,0,0,,0,0,0,,0,0,,,,,,0,0,,0,0,,0,,,0,,0,0,0,0,0,0,0,0,0,,,0,,0,0,0,,0,,0,0,0,0,0,0,0,,0,,0,0,0,0,,,,,,0,0,0,0,0,,,0,0,0,0,,0,0,0,0,,0,,0.77840392,,0
1918,0.79202797,,0,0,0.01653071,0,0,0,0,0,0,0,,0,0,0,,0,0,,0,0,0,,0,0,,,,,,0,0,,0,0,,0,,,0,,0,0,0,0,0,0,0,0,0,,,0,,0,0,0,,0,,0,0,0,0,0,0,0,,0,,0,0,0,0,,,,,,0,0,0,0,0,,,0,0,0,0,,0,0,0,0,,0,,0.8085587,,0
1919,0.8218589,,0,0,0.01685457,0,0,0,0,0,0,0,,0,0,0,,0,0,,0,0,0,,0,0,,,,,,0,0,,0,0,,0,,,0,,0,0,0,0,0,0,0,0,0,,,0,,0,0,0,,0,,0,0,0,0,0,0,0,,0,,0,0,0,0,,,,,,0,0,0,0,0,,,0,0,0,0,,0,0,0,0,,0,,0.83871349,,0
1920,0.8516898,,0,0,0.01717842,0,0,0,0,0,0,0,,0,0,0,,0,0,,0,0,0,,0,0,,,,,,0,0,,0,0,,0,,,0,,0,0,0,0,0,0,0,0,0,,,0,,0,0,0,,0,,0,0,0,0,0,0,0,,0,,0,0,0,0,,,,,,0,0,0,0,0,,,0,0,0,0,,0,0,0,0,,0,,0.86886828,,0
1921,0.88152073,,0,0,0.01750228,0,0,0,0,0,0,0,,0,0,0,,0,0,,0,0,0,,0,0,,,,,,0,0,,0,0,,0,,,0,,0,0,0,0,0,0,0,0,0,,,0,,0,0,0,,0,,0,0,0,0,0,0,0,,0,,0,0,0,0,,,,,,0,0,0,0,0,,,0,0,0,0,,0,0,0,0,,0,,0.89902303,,0
1922,0.91135166,,0,0,0.01782613,0,0,0,0,0,0,0,,0,0,0,,0,0,,0,0,0,,0,0,,,,,,0,0,,0,0,,0,,,0,,0,0,0,0.00472577,0,0,0,0,0.0012192,,,0,,0,0,0,,0,,0,0,0,0,0,0,0,,0,,0.01244311,0,0.00963043,0,,,,,,0,0.00173214,0,0,0,,,0,0,0,0,,0.00078163,0,0,0,,0,,0.95971014,,0
1923,1.0674828,,0,0,0.01966366,0,0,0,0,0,0,0,,0,0,0,,0,0,,0,0,0,,0,0,,,,,,0,0,,0,0,,0,,,0,,0,0,0,0.00650336,0,0,0,0,0.00120565,,,0,,0,0,0,,0,,0,0,0,0,0,0,0,,0,,0.01277221,0,0.01218915,0,,,,,,0,0.0020497,0,0,0,,,0,0,0,0,,0.00258063,0,0,0,,0,,1.12444729,,0
1924,1.22361408,,0,0,0.02150119,0,0,0,0,0,0,0,,0,0,0,,0,0,,0,0,0,,0,0,,,,,,0,0,,0,0,,0,,,0,,0,0,0,0.00828094,0,0,0,0,0.0011921,,,0,,0,0,0,,0,,0,0,0,0,0,0,0,,0,,0.01310131,0,0.01474786,0,,,,,,0,0.00236726,0,0,0,,,0,0,0,0,,0.00437963,0,0,0,,0,,1.28918441,,0
1925,1.37974525,,0,0,0.02333872,0,0,0,0,0,0,0,,0,0,0,,0,0,,0,0,0,,0,0,,,,,,0,0,,0,0,,0,,,0,,0,0,0,0.01005853,0,0,0,0,0.00117856,,,0,,0,0,0,,0,,0,0,0,0,0,0,0,,0,,0.01343041,0,0.01730657,0,,,,,,0,0.00268482,0,0,0,,,0,0,0,0,,0.00617863,0,0,0,,0,,1.45392156,,0
1926,1.53587646,,0,0,0.02517624,0,0,0,0,0,0,0,,0,0,0,,0,0,,0,0,0,,0,0,,,,,,0,0,,0,0,,0,,,0,,0,0,0,0.01183611,0,0,0,0,0.00116501,,,0,,0,0,0,,0,,0,0,0,0,0,0,0,,0,,0.01375951,0,0.01986529,0,,,,,,0,0.00300238,0,0,0,,,0,0,0,0,,0.00797763,0,0,0,,0,,1.61865864,,0
1927,1.6920077,,0,0,0.02701377,0,0,0,0,0,0,0,,0,0,0,,0,0,,0,0,0,,0,0,,,,,,0,0,,0,0,,0,,,0,,0,0,0,0.01361369,0,0,0,0,0.00115146,,,0,,0,0,0,,0,,0,0,0,0,0,0,0,,0,,0.01408861,0,0.022424,0,,,,,,0,0.00331994,0,0,0,,,0,0,0,0,,0.00977662,0,0,0,,0,,1.78339583,,0
1928,1.84813902,,0,0,0.0288513,0,0,0,0,0,0,0,,0,0,0,,0,0,,0,0,0,,0,0,,,,,,0,0,,0,0,,0,,,0,,0,0,0,0.01539128,0,0,0,0,0.00113792,,,0,,0,0,0,,0,,0,0,0,0,0,0,0,,0,,0.01441771,0,0.02498271,0,,,,,,0,0.0036375,0,0,0,,,0,0,0,0,,0.01157562,0,0,0,,0,,1.94813316,,0
1929,1.93148086,,0,0,0.02980879,0,0,0,0,0.0103864,0,0,,0,0,0,,0,0,,0,0,0,,0,0,,,,,,0,0,,0,0,,0,,,0,,0,0,0,0.01793481,0,0,0,0,0.00122823,,,0,,0,0,0,,0,,0,0,0,0,0,0,0,,0,,0.01467194,0,0.03116123,0,,,,,,0,0.00396469,0,0,0.00299154,,,0,0.00579701,0,0,,0.01915623,0,0,0,,0,,2.0685816,,0
1930,2.01482291,,0,0,0.03076627,0,0,0,0,0.01154956,0,0,,0,0,0,,0,0,,0,0,0,,0,0,,,,,,0,0,,0,0,,0,,,0,,0,0,0,0.02047835,0,0,0,0,0.00131854,,,0,,0,0,0,,0,,0,0,0,0,0,0,0,,0,,0.01492616,0,0.03733975,0,,,,,,0,0.00429187,0,0,0,,,0,0.00640808,0,0,,0.02673684,0,0,0,,0,,2.16863834,,0
1931,2.09816478,,0,0,0.03172376,0,0,0,0,0.01271272,0,0,,0,0,0,,0,0,,0,0,0,,0,0,,,,,,0,0,,0,0,,0,,,0,,0,0,0,0.02302188,0,0,0,0,0.00140885,,,0,,0,0,0,,0,,0,0,0,0,0,0,0,,0,,0.01518039,0,0.04351827,0,,,,,,0,0.00461905,0,0,0,,,0,0.00701914,0,0,,0.03431744,0,0,0,,0,,2.2716864,,0
1932,2.18150662,,0,0,0.03268124,0,0,0,0,0.01387588,0,0,,0,0,0,,0,0,,0,0,0,,0,0,,,,,,0,0,,0,0,,0,,,0,,0,0,0,0.02556542,0,0,0,0,0.00149916,,,0,,0,0,0,,0,,0,0,0,0,0,0,0,,0,,0.01543461,0,0.04969679,0,,,,,,0,0.00494623,0,0,0,,,0,0.00763021,0,0,,0.04189805,0,0,0,,0,,2.37473438,,0
1933,2.26484867,,0,0,0.03363873,0,0,0,0,0.01503904,0,0,,0,0,0,,0,0,,0,0,0,,0,0,,,,,,0,0,,0,0,,0,,,0,,0,0,0,0.02810895,0,0,0,0,0.00158947,,,0,,0,0,0,,0,,0,0,0,0,0,0,0,,0,,0.01568884,0,0.05587531,0,,,,,,0,0.00527342,0,0,0,,,0,0.00824127,0,0,,0.04947865,0,0,0,,0,,2.47778244,,0
1934,2.34819054,,0,0,0.03459622,0,0,0,0,0.0162022,0,0,,0,0,0,,0,0,,0,0,0,,0,0,,,,,,0,0,,0,0,,0,,,0,,0,0,0,0.03065249,0,0,0,0,0.00167978,,,0,,0,0,0,,0,,0,0,0,0,0,0,0,,0,,0.01594306,0,0.06205383,0,,,,,,0,0.0056006,0,0,0,,,0,0.00885234,0,0,,0.05705926,0,0,0,,0,,2.58083042,,0
1935,2.43153252,,0,0,0.0355537,0,0,0,0,0.01736536,0,0,,0,0,0,,0,0,,0,0,0,,0,0,,,,,,0,0,,0,0,,0,,,0,,0,0,0,0.03319602,0,0,0,0,0.00177009,,,0,,0,0,0,,0,,0,0,0,0,0,0,0,,0,,0.01619729,0,0.06823235,0,,,,,,0,0.00592778,0,0,0,,,0,0.0094634,0,0,,0.06463987,0,0,0,,0,,2.68387848,,0
1936,2.51487443,,0,0,0.03651119,0,0,0,0,0.01852852,0,0,,0,0,0,,0,0,,0,0,0,,0,0,,,,,,0,0,,0,0,,0,,,0,,0,0,0,0.03573955,0,0,0,0,0.0018604,,,0,,0,0,0,,0,,0,0,0,0,0,0,0,,0,,0.01645151,0,0.07441087,0,,,,,,0,0.00625497,0,0,0,,,0,0.01007447,0,0,,0.07222048,0,0,0,,0,,2.78692646,,0
1937,2.5982163,,0,0,0.03746867,0,0,0,0,0.01969168,0,0,,0,0,0,,0,0,,0,0.0030173,0,,0,0.02310326,,,,,,0,0,,0.00173423,0,,0,,,0,,0,0,0,0.03828309,0,0,0,0,0.00195071,,,0,,0,0,0.03867759,,0,,0,0,0,0,0,0,0,,0,,0.01670574,0,0.08058938,0,,,,,,0,0.00658215,0,0,0.00164752,,,0,0.01068553,0,0,,0.07980107,0,0,0,,0.03172304,,2.9898774,,0
1938,2.81927376,,0,0,0.03966995,0,0,0,0,0.01993193,0,0,,0,0,0,,0,0,,0,0,0,,0,0.02365083,,,,,,0,0,,0.00185948,0,,0,,,0,,0,0,0,0,0,0,0,0,0.00189653,,,0,,0,0,0.03887126,,0,,0,0,0,0,0,0,0,,0,,0.01536845,0,0.07759863,0,,,,,,0,0.00681791,0,0,0,,,0,0.01143059,0,0,,0.08644289,0,0,0,,0.03220165,,3.17501388,,0
1939,3.0403314,,0,0,0.04187123,0,0,0,0,0.02017217,0,0,,0,0,0,,0,0,,0,0,0,,0,0.02419839,,,,,,0,0,,0.00198473,0,,0,,,0,,0,0,0,0,0,0,0,0,0.00184234,,,0,,0,0,0.03906492,,0,,0,0,0,0,0,0,0,,0,,0.01403115,0,0.07460787,0,,,,,,0,0.00705368,0,0,0,,,0,0.01217565,0,0,,0.09308471,0,0,0,,0.03268027,,3.40309836,,0
1940,3.26138886,,0,0,0.04407251,0,0,0,0,0.02041242,0,0,,0,0,0,,0,0,,0,0,0,,0,0.02474596,,,,,,0,0,,0.00210998,0,,0,,,0,,0,0,0,0,0,0,0,0,0.00178815,,,0,,0,0,0.03925859,,0,,0,0,0,0,0,0,0,,0,,0.01269385,0,0.0716171,0,,,,,,0,0.00728944,0,0,0,,,0,0.0129207,0,0,,0.09972653,0,0,0,,0.03315888,,3.63118284,,0
1941,3.48244632,,0,0,0.04627378,0,0,0,0,0.02065267,0,0,,0,0,0,,0,0,,0,0,0,,0,0.02529352,,,,,,0,0,,0.00223523,0,,0,,,0,,0,0,0,0,0,0,0,0,0.00173397,,,0,,0,0,0.03945225,,0,,0,0,0,0,0,0,0,,0,,0.01135656,0,0.06862634,0,,,,,,0,0.00752521,0,0,0,,,0,0.01366576,0,0,,0.10636835,0,0,0,,0.0336375,,3.85926732,,0
1942,3.7035036,,0,0,0.04847507,0,0,0,0,0.02089292,0,0,,0,0,0,,0,0,,0,0,0,,0,0.02584109,,,,,,0,0,,0.00236048,0,,0,,,0,,0,0,0,0,0,0,0,0,0.00167978,,,0,,0,0,0.03964591,,0,,0,0,0,0,0,0,0,,0,,0.01001926,0,0.06563558,0,,,,,,0,0.00776097,0,0,0,,,0,0.01441081,0,0,,0.11301017,0,0,0,,0.03411611,,4.0873518,,0
1943,3.92456124,,0,0,0.05067634,0,0,0,0,0.02113316,0,0,,0,0,0,,0,0,,0,0,0,,0,0.02638865,,,,,,0,0,,0.00248573,0,,0,,,0,,0,0,0,0,0,0,0,0,0.0016256,,,0,,0,0,0.03983958,,0,,0,0,0,0,0,0,0,,0,,0.00868197,0,0.06264482,0,,,,,,0,0.00799673,0,0,0,,,0,0.01515587,0,0,,0.11965199,0,0,0,,0.03459472,,4.31543628,,0
1944,4.14561888,,0,0,0.05287762,0,0,0,0,0.02137341,0,0,,0,0,0,,0,0,,0,0,0,,0,0.02693622,,,,,,0,0,,0.00261098,0,,0,,,0,,0,0,0,0,0,0,0,0,0.00157141,,,0,,0,0,0.04003324,,0,,0,0,0,0,0,0,0,,0,,0.00734468,0,0.05965405,0,,,,,,0,0.0082325,0,0,0,,,0,0.01590092,0,0,,0.1262938,0,0,0,,0.03507334,,4.54352076,,0
1945,4.36667616,,0,0,0.0550789,0,0,0,0,0.02161366,0,0,,0,0,0,,0,0,,0,0,0,,0,0.02748379,,,,,,0,0,,0.00273623,0,,0,,,0,,0,0,0,0,0,0,0,0,0.00151722,,,0,,0,0,0.04022691,,0,,0,0,0,0,0,0,0,,0,,0.00600738,0,0.05666329,0,,,,,,0,0.00846826,0,0,0,,,0,0.01664598,0,0,,0.13293563,0,0,0,,0.03555195,,4.77160524,,0
1946,4.5877338,,0,0,0.05728018,0,0,0.00303334,0,0.0218539,0,0.00184007,,0,0,0,,0,0,,0.00037528,0.00128007,0,,0,0.02803135,,,,,,0,0,,0.00286148,0,,0.00423755,,,0.00844775,,0,0.00374564,0,0,0,0,0,0.0024559,0.00146304,,,0,,0,0,0.04042057,,0,,0,0,0,0,0,0,0,,0,,0.00467009,0,0.05367253,0,,,,,,0,0.00870403,0,0,0.00164752,,,0,0.01739103,0,0,,0.13957744,0,0,0,,0.03603056,,5.02698996,,0.00023724
1947,5.06164752,,0,0,0.06298285,0,0,0.00303334,0,0.02251029,0,0.00212009,,0,0,0.0000433557,0.0000433557,0,0,,0.0000416982,0.00114292,0,,0,0.02545428,,,,,,0,0,,0.00377195,0,,0.01117173,,,0.00604518,,0,0.00415725,0,0.00104054,0,0,0,0.0036071,0.00158496,,,0,,0,0,0.04934298,,0,,0,3.51659E-05,0,0,0,0,0,,0,,0.00463874,0,0.04738656,0,,,,,,0,0.00926697,0,0,0.00099718,,,0,0.01760734,0,0,,0.1708428,0,0,0,,0.05061329,,5.56156044,,0.00047447
1948,5.68688724,,0,0,0.06944589,0,0,0.00312126,0,0.01725918,0,0.00964039,,0,0,0.0000867114,0.0000867114,0,0,,0.0001251,0.0016458,0,,0,0.01577894,,,,,,0,0,,0.00459571,0,,0.01379131,,,0.00519266,,0,0.01317149,0,0.01599826,0,0,0,0.00448969,0.00207263,,,0,,0,0,0.05174995,,0,,0,0.000211,0,0,0,0,0,,0,,0.00492083,0,0.09453135,0,,,,,,0,0.01013304,0,0,0.00082376,,,0,0.02011649,0,0,,0.18870871,0,0,0,,0.05281191,,6.28766532,,0.00035585
1949,5.98739472,,0,0,0.07231834,0,0,0.00316522,0,0.02563779,0,0.00216009,,0,0,0.0000867114,,0,0,,0.00020849,0,0,,0.00016561,0.02233466,,,,,,0,0,,0.00472577,0,,0.01879933,,,0.00418513,,0,0.01531185,0,0.02562322,0,0,0,0.00955498,0.00235711,,,0,,0,0,0.05270444,,0,,0,0.00024616,0,0,0,0,0,,0,,0.00426263,0,0.19019096,0,,,,,,0,0.01108572,0,0,0.00082376,,,0,0.02115476,0,0,,0.19503622,0,0,0,,0.04886336,,6.71871312,,0.00031631
1950,6.93963,,0,0,0.08114692,0,0,0.00329711,0,0.02915141,0,0.01880076,,0,0,0.0000867114,,0.00240412,0,,0.00020849,0,0,,0.00823897,0.02305805,,,,,,0.00142102,0,,0.00572295,0,,0.02026321,,,0.00527016,,0,0.0156823,0,0.0269239,0,0,0,0.01957044,0.00280415,,,0,,0,0,0.0381796,,0,,0.0000867114,0.00028133,0,0,0,0,0,,0.0162877,,0.00573574,0,0.13067568,0,,,,,,0,0.01156206,0,0,0.00104054,,,0,0.02054911,0.0000433557,0,,0.21442817,0,0,0.0000387837,,0.05011972,,7.69188168,,0.00059309
1951,8.23762692,,0,0,0.09504454,0,0.00021678,0.00351691,0,0.03204724,0,0.01932078,,0,0,0.00013007,,0.00431328,0,,0.00033359,0.00228583,0,,0.00592047,0.0221086,,,,,,0.00311089,0,,0.00659007,0,,0.02311393,,,0.00643269,,0,0.01667016,0,0.03403423,0,0,0,0.03706872,0.00337311,,,0,,0,0,0.05436443,,0,,0.0000867114,0.00031649,0,0,0,0,0,,0.01648878,,0.00868197,0,0.16299204,0,,,,,,0,0.0119518,0,0,0.00091047,,,0,0.02037606,0.0000867114,0,,0.2327035,0,0,0,,0.06461271,,9.12423348,,0.00051401
1952,8.85182616,,0,0,0.10606972,0,0.00021678,0.00356087,0,0.0346728,0,0.01792072,,0,0,0.00017342,,0.00438399,0,,0.00029189,0.00228583,0,,0.00244271,0.00922322,,,,,,0.00480075,0,,0,0,,0.02238199,,,0.00744022,,0,0.02058045,0,0.04634725,0,0,0,0.05498911,0.00369823,,,0,,0,0,0.05975937,,0,,0.00013007,0.00101981,0,0,0,0,0,,0.01648878,,0.00981031,0,0.19957961,0,,,,,,0,0.01303439,0,0,0.00073705,,,0,0.02067889,0.00013007,0,,0.23761663,0,0,0,,0.07861213,,9.82665612,,0.00055355
1953,9.276039,,0,0,0.12081217,0,0.00043356,0.00369276,0,0.02695057,0,0.0222009,,0,0,0.00017342,,0.00388902,0,,0.00112585,0.00269728,0,,0.00289813,0.02188254,,,,,,0.00645221,0,,0,0,,0.02018616,,,0.00806024,,0,0.02259733,0,0.0592239,0,0,0,0.08749139,0.00447039,,,0,,0,0,0.05975937,,0.00017342,,0.00021678,0.00305943,0,0,0,0,0,,0.01648878,,0.00999837,0,0.22544881,0,,,,,,0,0.01381385,0,0,0.00086711,,,0,0.0216739,0.00013007,0,,0.25563145,0,0,0.00034905,,0.0974575,,10.390842,,0.00094894
1954,9.6582366,,0,0,0.14442547,0,0.00043356,0.00391257,0,0.02729807,0,0.02500101,,0,0,0.00013007,,0.00424257,0,,0.00262699,0.00310873,0,,0.00372617,0.02464046,,,,,,0.00660583,0,,0,0,,0.0227287,,,0.01162535,,0,0.02296778,0,0.06858873,0,0,0,0.11385393,0.00573022,,,0,,0,0,0.05975937,,0.00034685,,0.00021678,0.00516938,0,0,0,0,0,,0.01648878,,0.01122074,0,0.23475686,0,,,,,,0,0.01394376,0,0,0.0011706,,,0,0.02227956,0.00017342,0,,0.27960152,0,0,0,,0.10984161,,10.8993532,,0.0011071
1955,10.3895496,,0.01311906,0.00476913,0.18033118,0,0.00065034,0.00391257,0,0.02776141,0,0.03064124,,0,0,0.00013007,,0.00565676,0.00022606,,0.00258529,0.00352018,0,,0.00463701,0.02436919,,,,,,0.00664424,0,,0,0,,0.02442372,,,0.01860056,,0,0.02243269,0,0.08272269,0.01435074,0,0,0.13918038,0.00633982,,,0,,0,0,0.07677419,,0.00030349,,0.00026013,0.00474739,0,0,0,0,0.00157391,,0.01648878,,0.01231774,0,0.24857798,0,,,,,,0,0.01368394,0,0,0.00112725,,,0,0.02154411,0.00017342,0,,0.33353428,0,0,0.00116351,,0.12330258,,11.8568268,,0.00134433
1956,11.1374032,,0.01919756,0.00997181,0.20233929,0,0.00108389,0.00430822,0,0.0294989,0,0.0298012,,0,0,0.00017342,,0.00685882,0.00026374,,0.00350265,0.00374876,0,,0.00621028,0.02807656,,,,,,0.01052324,0,,0,0,,0.02981697,,,0.02844335,,0,0.01860473,0,0.08866243,0.01560806,0,0,0.17133731,0.00719326,,,0,,0,0,0.07469921,,0.00030349,,0.00030349,0.00531005,0,0,0,0,0.00782917,,0.01668987,,0.01366548,0,0.27223094,0,,,,,,0,0.01446341,0,0,0.0011706,,,0,0.02366392,0.00026013,0,,0.44914162,0,0,0.00062054,,0.13434059,,12.8582993,,0.00150249
1957,11.7980269,,0.03166066,0.01430738,0.26316779,0,0.00130067,0.0044401,0,0.03289669,0,0.03036123,,0,0,0.00013007,,0.0074952,0.00030141,,0.00658832,0.00347446,0,,0.01035047,0.02861911,,,,,,0.02964942,0,,0,0,,0.04299191,,,0.02766833,,0,0.01691713,0,0.09399518,0.01166269,0,0,0.19136824,0.00991613,,,0,,0,0,0.09876896,,0.00013007,,0.00026013,0.00506389,0,0,0,0,0.0117034,,0.02010827,,0.01313265,0,0.29403036,0,,,,,,0,0.01519957,0,0,0.00125732,,,0,0.02595676,0.00026013,0,,0.69167138,0,0,0.00112473,,0.16260864,,13.9705769,,0.00166065
1958,12.1846716,,0.03253527,0.01712551,0.40408718,0,0.00151745,0.00483575,0,0.03343724,0,0.03280133,,0,0,0.00013007,,0.00692953,0.00022606,,0.01250946,0.00342875,0,,0.01863084,0.03589821,,,,,,0.04793067,0,,0,0,,0.06441081,,,0.02804967,,0,0.01543534,0,0.09048337,0.00932148,0,0,0.19858244,0.01495547,,,0,,0,0,0.15811333,,0.0000433557,,0.0003902,0.00836948,0,0,0,0,0.01444765,,0.01709203,,0.01203566,0,0.33496979,0,,,,,,0,0.01571921,0,0,0.00112725,,,0,0.02868223,0.00026013,0,,1.04534197,0,0,0.00186162,,0.17629398,,15.0265692,,0.0018188
1959,13.3070371,,0.03970702,0.01994363,0.49921621,0,0.00173423,0.00527537,0,0.03324419,0,0.04512182,,0,0,0.00013007,,0.00601031,0.00026374,,0.01780513,0.00950905,0,,0.02484112,0.0175422,,,,,,0.05722491,0,,0,0,,0.15024053,,,0.0314019,,0,0.01374774,0,0.09668323,0.01448081,0,0,0.23473021,0.02060442,,,0,,0,0,0.19629293,,0.0003902,,0.00021678,0.00794749,0,0,0,0,0.01755511,,0.01689095,,0.01328937,0,0.37494212,0,,,,,,0,0.01619555,0,0,0.00112725,,,0,0.03088855,0.00026013,0,,1.31709002,0,0,0.00240459,,0.18809477,,16.7748336,,0.00197696
1960,14.1079079,,0.04154369,0.02276175,0.62556206,0,0.0018643,0.00571498,0,0.0533992,0,0.05876238,,0,0,0.0000867114,,0.00509108,0.00022606,,0.02230854,0.00982907,0,,0.03407374,0.01826559,,,,,,0.05538142,0,,0,0,,0.10963706,,,0.03622564,,0,0.01407703,0.00581642,0.10539773,0.02614349,0,0,0.24739344,0.02970775,,,0.04079772,,0,0,0.20334786,,0.00034685,,0.00091047,0.01160474,0.00425804,0,0,0,0.02554571,,0.01668987,,0.01720723,0,0.40866877,0,,,,,,0,0.01662859,0,0,0.00108389,,,0,0.03313814,0.00030349,0,,1.68620724,0,0,0.00306391,,0.20667092,,18.2603653,,0.00209558
1961,14.5619647,,0.04298678,0.02557987,0.78434982,0,0.0018643,0.00958359,0,0.09100645,0,0.06224252,,0,0,0.00013007,,0.00516179,0.00188383,,0.02197495,0.00960049,0,,0.04972364,0.01885334,,,,,,0.05415244,0,,0,0,,0.15447809,,,0.03947766,,0,0.01333613,0.00447739,0.11133746,0.02761759,0,0.00012909,0.26335676,0.04551666,,,0.04253195,,0,0,0.21828769,,0.00034685,,0.0003902,0.01578947,0.00430105,0,0,0,0.03107456,,0.01689095,,0.02300565,0,0.43977629,4.33557E-05,,,,,,0,0.01667189,0,0,0.00160416,,,0,0.03599338,0.00030349,0,,2.19531132,0,0.00364188,0.00318027,,0.21945886,,19.6179646,,0.00272821
1962,15.245761,,0.04600416,0.02839799,1.13242414,0,0.0018643,0.01556234,0,0.11498396,0.0000827972,0.06540265,,0,0,0.00013007,,0.0052325,0.00214756,,0.02130778,0.00955477,0,,0.06500093,0.02676542,,,,,,0.04589515,0,,0,0,,0.18260003,,,0.05080851,,0,0.01399471,0.00895477,0.1172772,0.02796443,0,0.00047333,0.27440831,0.05807438,,,0.05744632,,0,0,0.22451263,,0.0003902,,0.0007804,0.01754777,0.004086,0.0000867114,0,0,0.03829838,,0.01729311,,0.02573248,0,0.52004333,0.00052027,,,,,,0,0.01740805,0,0,0.00164752,,,0,0.03677208,0.00030349,0,,2.73664836,0,0.00728376,0.00461526,,0.23283009,,21.4631806,,0.00375623
1963,16.2024066,,0.04980869,0.03121611,1.33662204,0,0.0018643,0.0175406,0,0.13150952,0.0001242,0.06796275,,0.00216779,0,0.00017342,,0.00509108,0.00203453,,0.0209742,0.00905189,0,,0.06342766,0.03173872,,,,,,0.04274586,0,,0,0.0022545,,0.18726133,,,0.07675944,,0,0.02519047,0.01121439,0.12130927,0.03143289,0,0.0004303,0.27889799,0.07859751,,,0.06585732,,0,0,0.25314732,,0.00047691,,0.00069369,0.02007971,0.00438707,0.00134403,0,0,0.04798396,,0.01769528,,0.03081002,0.0038153,0.5746829,0.00065034,,,,,,0,0.01745135,0,0,0.00221114,,,0,0.03599338,0.00030349,0,,3.3436057,0,0.01092564,0.00616661,,0.25172035,,23.4846144,,0.00755199
1964,17.1196488,,0.05212639,0.03403423,1.57528944,0,0.0018643,0.03534497,0,0.14483036,0.0001242,0.07056285,,0.00216779,0,0.00013007,,0.00494966,0.00320251,,0.02218344,0.00790897,0,,0.05382243,0.03770669,,,,,,0.03921251,0,,0,0.0022545,,0.19608314,,,0.11917079,,0,0.03227014,0.01347401,0.11840443,0.03295034,0,0.00124787,0.30176856,0.08546566,,,0.07266417,,0,0,0.29049692,,0.00047691,,0.00043356,0.0293635,0.00430105,0.00234121,0,0,0.06033306,,0.01801701,,0.03858305,0.0034251,0.62267389,0.02800779,,,,,,0,0.01745135,0,0,0.00732712,,,0,0.04711153,0.00034685,0,,4.04089704,0,0.01456752,0.0069035,,0.2738412,,25.659383,,0.01083374
1965,17.7191402,,0.05374441,0.03685235,1.72541754,0,0.0018643,0.10528755,0,0.16301621,0.00016559,0.06896279,,0.00216779,0,0.00013007,,0.00579818,0.00301412,,0.02852157,0.0096462,0.00285261,,0.05316,0.04096195,,,,,,0.03706177,0,,0,0.00212443,,0.19446518,,,0.1798293,,0,0.04560627,0.0167379,0.13683063,0.01582483,0,0.00309817,0.29938943,0.08290534,,,0.07778014,,0,0,0.30875674,,0.00056362,,0.00043356,0.0612941,0.0044731,0.00424886,0,0,0.07139077,,0.01757463,,0.04319045,0.00351181,0.69633259,0.04461303,,,,,,0,0.01857725,0,0,0.01344027,,,0,0.05078874,0.00030349,0,,4.75181208,0,0.0182094,0.00733012,,0.29335963,,27.4985474,,0.01304794
1966,19.0083204,,0.06061005,0.03967047,1.60502782,0,0.00234121,0.12682865,0,0.17672316,0.00016559,0.07496303,,0.00260134,0,0.00013007,,0.0044547,0.00350392,,0.03289988,0.00918904,0.00425937,,0.04694972,0.04968783,,,,,,0.0410944,0,,0,0.00242792,,0.1988183,,,0.2248819,,0,0.06392287,0.01560809,0.13709075,0.02631692,0,0.00408786,0.3374942,0.08668485,,,0.0743984,,0,0,0.31456667,,0.00043356,,0.00047691,0.12283436,0.0044731,0.00763061,0,0,0.08067277,,0.01837896,,0.04312776,0.00355517,0.75012599,0.04912202,,,,,,0,0.020396,0,0,0.01903316,,,0,0.0596573,0.00034685,0,,5.32113876,0,0.02185128,0.00713621,,0.30762828,,29.5885368,,0.01589476
1967,20.073222,,0.06410847,0.04248859,1.75283262,0.01482765,0.00286148,0.10449625,0,0.18541067,0.00016559,0.07188291,,0.00260134,0,0.00013007,,0.00530321,0.00342857,,0.03648592,0.0099205,0.01285627,,0.05179374,0.05203885,,,,,,0.03905888,0,,0.00069369,0.00242792,,0.21430463,,,0.29403565,,0,0.08417403,0.01949965,0.12035545,0.02263168,0,0.00469028,0.35687279,0.09156163,,,0.11740727,,0,0,0.3415414,,0.0000433557,,0.00030349,0.24584454,0.00434406,0.00784738,0,0,0.09411151,,0.01721268,,0.04914559,0.00485584,0.83385839,0.04925209,,,,,,0,0.02334065,0,0,0.02284846,,,0,0.06584366,0.0003902,0,,5.86020528,0,0.02549316,0.02520942,,0.33701809,,31.842486,,0.01826711
1968,21.3447287,,0.06856895,0.04530672,2.02428,0.07288095,0.00329503,0.15026007,0,0.20641513,0.00024839,0.06520264,,0.01170604,0,0.00013007,,0.00459612,0.00286342,,0.04023877,0.00973764,0.01977286,,0.0620614,0.05484198,,,,,,0.04255383,0,,0.00060698,0.00242792,,0.21888889,,,0.45678125,,0,0.11047585,0.02527422,0.18586593,0.03125947,0,0.00611027,0.3991603,0.09814529,,,0.14476471,,0,0,0.36644112,,0.00182094,,0.00052027,0.49633099,0.00443009,0.00637329,0,0,0.10561313,,0.01914307,,0.08017501,0.02224148,0.88386408,0.07106001,,,,,,0,0.02732458,0,0,0.03052242,,,0,0.06943434,0.0003902,0,,6.2940492,0,0.02913504,0.08528541,,0.3479215,,34.8320628,,0.0230909
1969,22.8647794,,0.20373898,0.05527853,2.37471966,0.08796874,0.0038153,0.12713638,0,0.20718734,0.01097063,0.0593224,,0.01344027,0,0.00013007,,0.00388902,0.0041821,,0.0509135,0.00873187,0.02051532,,0.07584822,0.06049346,,,,,,0.04531906,0,,0.00060698,0.00307826,,0.250632,,,0.65420575,,0,0.1331555,0.03050481,0.11289827,0.03880336,0,0.00611027,0.45894607,0.10639519,,,0.16158673,,0,0,0.41873058,,0.00190765,,0.00073705,0.76992145,0.00473116,0.00277477,0,0,0.13010956,,0.01950502,,0.12286397,0.03685235,0.97057825,0.07561236,,,,,,0,0.03074556,0,0.00433557,0.03871665,,,0,0.06943434,0.0003902,0,,6.74144172,0,0.03277692,0.20365333,,0.35806208,,38.2527288,,0.02886362
1970,20.5726428,,0.12583634,0.10413274,1.94458572,0.1119878,0.00424886,0.08776845,0.0018643,0.2107602,0.06229431,0.07588307,,0.02340421,0,0.00013007,,0.00360618,0.00150725,,0.00291965,0.0076869,0.0185224,,0.09352682,0.0449757,,,,,,0.0462408,0,,0.00060698,0.00294525,,0.2650397,,,0.43246708,,0,0.14278715,0.02278248,0.0460404,0.026676,0,0.00576603,0.4529358,0.09586946,,,0.0696654,,0.0100548,0,0.39709105,,0.00208107,,0.00026528,1.00499998,0.00460213,0.0037962,0,0,0.10477413,,0.01431045,,0.1842957,0.0374463,0.78274274,0.0553014,,,,,,0,0.0324777,0,0.00737047,0.03980054,,,0,0.06396327,0.00021678,0,,6.75005004,0,0.0292383,0.3941872,,0.3080916,,35.139222,,0.03862981
1971,21.1557798,,0.3043584,0.1356991,2.12598,0.11424229,0.00546282,0.0925155,0.0018643,0.22775755,0.09297605,0.07564306,,0.03412242,0.01604295,0.00017342,,0.0037476,0.00150725,,0.00463494,0.0076167,0.01277811,,0.13434906,0.0468162,,,,,,0.04697051,0,,0.00060698,0.00294525,,0.27540245,,,0.5327901,,0,0.15250112,0.02414239,0.05481,0.031635,0,0.00533573,0.4615272,0.09887681,,,0.0719568,,0.0242136,0.0029835,0.39305421,,0.0022545,,0.00051287,1.38900002,0.00584943,0.0070281,0,0,0.09489942,,0.01708245,,0.1900449,0.0374463,0.83650122,0.0461358,,,,,,0,0.00112589,0,0.00858443,0.04730108,,,0,0.067086,0.0000433557,0.00053408,,7.24297464,0,0.0516321,0.65506673,,0.29858112,,37.5883056,,0.04550963
1972,21.0871811,,0.41041562,0.17561062,2.4003,0.12547142,0.00628658,0.11722095,0.00247128,0.21650184,0.13346734,0.07852318,,0.04257975,0.01604295,0.00017342,,0.00388902,0.04019328,,0.00631373,0.01563705,0.0085969,,0.15086842,0.0571878,,,,,,0.04462775,0,,0.00073705,0.00246015,,0.289579,,,0.6378687,,0,0.16818342,0.02648126,0.04059594,0.031977,0,0.00533573,0.4891437,0.10058369,,,0.0850554,,0.0968544,0.00417783,0.40852879,,0.00281812,,0.00054824,1.85200006,0.00954834,0.0094221,0,0,0.10076112,,0.0164241,,0.20102669,0.04109778,0.85567313,0.0522918,,,,,,0,0.0000866072,0,0.00984175,0.05480162,,,0,0.0693387,0.00086711,0.00053408,,7.5498804,0,0.0524043,0.94521193,,0.29678292,,39.4397424,,0.0491077
1973,21.0680017,,0.45353257,0.21697344,2.57174978,0.13505304,0.00823759,0.15557849,0.00281812,0.23575732,0.16944767,0.09080367,,0.06037366,0.02214135,0.00013007,,0.0044547,0.06196464,,0.00722612,0.06828705,0.00867505,,0.1504544,0.059256,,,,,,0.04001903,0,,0.00121396,0.00197505,,0.29069615,,,0.7141482,,0,0.19843668,0.02641196,0.06292188,0.031122,0,0.00232362,0.52830896,0.10546047,,,0.0952812,,0.1549602,0.00417783,0.44390138,,0.00255799,,0.00066319,2.25199994,0.0114408,0.0144324,0,0,0.11503961,,0.0160776,,0.20393189,0.0588708,0.90589234,0.06156,,,,,,0,0.00012991,0,0.00858443,0.0630392,,,0,0.0665928,0.00494255,0.00053408,,8.05797936,0,0.06091605,1.02626827,,0.36559402,,41.3377236,,0.05254761
1974,20.1400981,,0.47059236,0.2732124,2.51839476,0.13873828,0.00880121,0.17986813,0.00294819,0.25375244,0.19332716,0.08824357,,0.0744413,0.0245322,0.0000867114,,0.00215664,0.06485353,,0.01390481,0.1482273,0.00703382,,0.14076635,0.0616518,,,,,,0.03410451,0,,0.00121396,0.002079,,0.29385504,,,0.74173316,,0,0.20967361,0.02989429,0.06496812,0.0285912,0,0.00283999,0.5273442,0.10452575,,,0.1002402,,0.139365,0.00870935,0.46534327,,0.00307826,,0.00593332,2.67000012,0.01303219,0.0134748,0,0,0.13193334,,0.0165627,,0.1974069,0.04836348,0.93497724,0.0779076,,,,,,0,0.00012991,0,0.00780403,0.06880551,,,0,0.0608391,0.0087145,0.00053408,,8.8866252,0,0.0610038,1.23770171,,0.38637324,,42.2103762,,0.05721324
1975,18.6494926,,0.49024271,0.32110621,2.5724358,0.12828955,0.01300671,0.2214828,0.00281812,0.2692969,0.20761189,0.09436382,,0.07833503,0.01625085,0.0000867114,,0.00180309,0.06393243,,0.01514566,0.1943838,0.00042985,,0.14101477,0.0536967,,,,,,0.03114725,0,,0.00134403,0.0017325,,0.28276038,,,0.6885072,,0,0.21329575,0.03827092,0.0851382,0.044289,0,0.0025818,0.50262566,0.09899873,,,0.1098504,,0.158517,0.01049855,0.47300522,,0.00199436,,0.0063666,2.89199988,0.02258053,0.0120726,0,0,0.1370736,,0.0204435,,0.20317589,0.07463178,1.0156401,0.092682,,,,,,0,0.00012991,0,0,0.06828524,,,0,0.0552951,0.00914806,0.00053408,,9.86422248,0,0.058266,1.28882268,,0.3757838,,42.3003708,,0.05867618
1976,18.4975416,,0.49945547,0.36646016,2.5950672,0.11038363,0.0151745,0.27896713,0.00247128,0.25676334,0.24507799,0.08576347,,0.08210314,0.0247401,0.00017342,,0.00120206,0.06590023,,0.01744488,0.2563704,0.00144584,,0.16631131,0.0545328,,,,,,0.03076319,0,,0.00134403,0.013167,,0.26727404,,,0.7099551,,0,0.25034058,0.04649164,0.085869,0.061731,0,0.00249574,0.5401035,0.1013152,,,0.1321488,,0.1634418,0.01249836,0.46387771,,0.00372859,,0.0088425,3.08999988,0.06111797,0.0224181,0,0,0.139779,,0.022176,,0.221157,0.04076244,1.10784287,0.1000521,,,,,,0,0.00012991,0,0.0011304,0.07960108,,,0,0.0622377,0.00927812,0.00080112,,10.9446995,0,0.068094,1.36485493,,0.46585368,,44.124408,,0.06840283
1977,18.5782572,,0.5071824,0.4397522,2.72605464,0.11194444,0.0151745,0.26699557,0.00307826,0.2650257,0.27996638,0.09572387,,0.08905324,0.0292446,0.00017342,,0.00134348,0.06954275,,0.02171486,0.29420818,0.00039077,,0.15695449,0.0618291,,,,,,0.03610162,0,,0.00173423,0.015939,,0.29269937,,,0.7058376,,0,0.27211468,0.04965345,0.2068164,0.0402876,0,0.00245271,0.4738032,0.1139542,,,0.1440846,,0.17274419,0.01143633,0.49194994,,0.00372859,,0.0081351,3.09999996,0.09707477,0.0295146,0.09485958,0,0.1527048,,0.02202007,,0.2327796,0.05779026,1.17322524,0.1408014,,,,,,0,0.00017321,0,0.0012582,0.08176887,,,0,0.0731574,0.00997181,0.00083927,,11.7989208,0,0.13688999,1.42606595,,0.50851098,,45.9869796,,0.07500588
1978,18.5021946,,0.31771498,0.49816814,2.63072855,0.1112074,0.01534792,0.41406748,0.00307826,0.27342812,0.30141133,0.09656391,,0.09784552,0.03101175,0.00043356,,0.00134348,0.06853792,,0.02857602,0.28836407,0.00125046,,0.14490654,0.0821097,,,,,,0.02842043,0,,0.00173423,0.025641,,0.29316164,,,0.729765,,0,0.30236796,0.05545732,0.3975552,0.0417582,0,0.00219453,0.473238,0.1073299,,,0.1614582,,0.1751382,0.08516015,0.6158111,,0.00351181,,0.0095499,2.83799988,0.09139738,0.0357561,0.50739264,0.01089153,0.1569132,,0.0230076,,0.2496069,0.05510754,1.1812428,0.1941534,,,,,,0,0.00064955,0,0.0012132,0.07981786,,,0,0.08733689,0.01239973,0.00083927,,12.6920506,0,0.200421,1.36560852,,0.51312636,,47.5437816,,0.07650837
1979,19.0635012,,0.30602034,0.52646904,2.77406082,0.10405371,0.01578148,0.6787242,0.00307826,0.25312228,0.34695063,0.09248374,,0.10847999,0.03551625,0.00052027,,0.00134348,0.07494372,,0.03131319,0.30210566,0.00535352,,0.16188131,0.0938016,,,,,,0.03268349,0,,0.00151745,0.038808,,0.29928683,,,0.7308171,,0,0.2684102,0.06897082,0.57660116,0.0598842,0,0.00292605,0.4617306,0.09810465,,,0.2137842,,0.232047,0.10567481,0.74755674,,0.00290483,,0.0095499,2.97600012,0.05621476,0.0471276,0.73852927,0.0183222,0.1767528,,0.0212751,,0.2239488,0.16252812,1.12869216,0.238374,,,,,,0,0.00043304,0,0.001251,0.07461518,,,0,0.0902754,0.01430738,0.00129706,,13.8652146,0,0.214461,1.37896434,,0.57470472,,50.7492756,,0.07342431
1980,18.9032652,,0.16327454,0.51776104,2.5642062,0.06633739,0.01105623,0.55475096,0.01017173,0.29392643,0.39839717,0.07888256,,0.0880484,0.04424805,0.00044225,,0.00155822,0.09190026,,0.03660505,0.30322892,0.00448585,0,0.08975928,0.1002411,0.00055281,0,,0.00066337,,0.01959709,0,,0.00411837,0.075537,0,0.29449493,0.00276406,,0.66533576,0,0,0.23717045,0.04079171,0.6763554,0.0438102,0.03412965,0.00548588,0.4296825,0.09068645,0,,0.1392282,,0.176814,0.09399365,0.90414864,,0.00276406,0,0.0123795,2.87800006,0.03852257,0.0569601,0.89640554,0.02325902,0.2158308,0,0.022869,0,0.19020689,0.17664965,1.1654424,0.3325608,0,,,,0,0,0,0,0.0016839,0.0475418,,0,0,0.101997,0.01696767,0,,14.8405957,,0.26395196,1.31092884,,0.59162778,0,51.4200168,0,0.07582864
1981,18.7053372,,0.17740945,0.46224778,2.4777954,0.08734422,0.01216186,0.64313431,0.00972948,0.30582985,0.4317998,0.05843329,,0.0816426,0.04900988,0.00044225,,0.00124406,0.09801299,,0.032846,0.29357639,0.0041868,0,0.08975928,0.1098684,0.00066337,0,,0.00033169,,0.02516217,0,,0.0026083,0.084546,0,0.27762228,0.00232181,,0.68157266,0,0,0.22951975,0.07121442,0.6858558,0.021204,0.05226102,0.00548588,0.48153146,0.08603585,0,,0.1601928,,0.10773,0.07917238,0.97408465,,0.00353799,0,0.0148554,2.67199981,0.04655444,0.0838926,0.89150357,0.02741544,0.2353698,0,0.0262647,0,0.1690524,0.16107498,1.22669845,0.3877596,0,,,,0,0,0,0,0.0016992,0.05859803,,0,0.00981202,0.11235419,0.01827288,0,,15.8670252,,0.310986,1.30799815,,0.59482451,0.0003474,52.311528,0,0.074289
1982,17.3948342,,0.24296771,0.43285838,2.6008965,0.08955547,0.01105623,0.83916029,0.01105623,0.3427479,0.42113101,0.05385029,,0.12891157,0.06362945,0.00044225,,0.00122432,0.1016555,,0.04693329,0.2932254,0.00299057,0,0.05174359,0.1171296,0.00066337,0,,0.00033169,,0.02516217,0,,0.00274558,0.0925155,0,0.25713394,0.00221125,,0.598329,0,0.00334074,0.25062481,0.09336443,0.69718316,0.023256,0.0767917,0.00329153,0.49442666,0.08371056,0,,0.12568501,,0.11457,0.09960397,1.03868316,,0.00331687,0,0.0159165,2.28499992,0.08177175,0.08739809,0.8560921,0.02999412,0.2567124,0,0.02756407,0,0.1558008,0.18834931,1.24028496,0.41098136,0,,,,0,0,0,0,0.001773,0.05196429,,0,0.05000965,0.13655249,0.0234937,0.00108556,,17.0741866,,0.33344996,1.32943457,,0.63468468,0.00066006,52.5509568,0,0.06874505
1983,15.7562568,,0.2776792,0.44301769,2.4462486,0.09397796,0.01216186,1.20165347,0.01326748,0.46003136,0.45746933,0.04899484,,0.13510804,0.07080187,0.00044225,,0.00068048,0.09759431,,0.06346577,0.3058263,0.003489,0,0.04857561,0.12868381,0.00077394,0,,0.00033169,,0.02297415,0.00174555,,0.00411837,0.1084545,0,0.26004744,0.0058598,,0.6613668,0,0.00318888,0.24138803,0.1110879,0.79547573,0.016074,0.08286155,0.00219435,0.44333816,0.08603585,0,,0.137997,,0.126882,0.2401967,1.04746201,,0.00353799,0,0.021222,2.43299988,0.08754592,0.0990774,0.84367721,0.03725514,0.2531052,0,0.0181566,0,0.1523205,0.19505609,1.23079118,0.4013028,0,,,,0,0,0.00292974,0,0.002691,0.05196429,,0,0.05887211,0.1414701,0.02088329,0.0027139,,18.2677104,,0.29343598,1.37080008,,0.6249744,0.00227547,53.021016,0,0.06274279
1984,17.0994377,,0.32323939,0.45100001,2.68113517,0.09397796,0.01216186,1.22313175,0.01326748,0.4719348,0.45114214,0.05127367,,0.1392111,0.08172239,0.00044225,,0.00147163,0.09386806,,0.073867,0.3094767,0.00299057,0,0.05068759,0.13082669,0.00077394,0,,0.00011056,,0.02844419,0.00870696,,0.00549116,0.13929299,0,0.24726672,0.0058598,,0.6498918,0,0.00349502,0.25197226,0.12722614,1.072449,0.020178,0.08711085,0.00219435,0.4692213,0.08719851,0,,0.1496592,,0.15731999,0.36487961,1.03029696,,0.00221125,0,0.0226368,2.46300012,0.11081575,0.09531539,0.92764346,0.0468234,0.2597184,0,0.0245322,0,0.1673082,0.22095179,1.222002,0.62244,0,,,,0,0,0.00934267,0,0.004545,0.0574924,,0,0.08788615,0.14823361,0.02610411,0.00151978,,20.030711,,0.38609996,1.34006904,,0.691308,0.00198018,57.5590284,0,0.07907264
1985,16.1237232,15.2957232,0.34871173,0.4691416,2.89849248,0.11609042,0.01105623,1.34417207,0.0143731,0.4862889,0.48222943,0.04675931,0.49461674,0.16994221,0.09280971,0.00044225,,0.00157744,0.0930307,,0.09266222,0.30170203,0.00398742,0,0.04646363,0.13344299,0.00221125,0,,0.00022113,,0.02589819,0.04210866,,0.00549116,0.1708245,0,0.20925739,0.00221125,,0.6158772,0,0.00334306,0.27153346,0.15562181,1.18024189,0.02907,0.09242249,0.00219435,0.4830921,0.09184909,0,0.13924358,0.14363999,,0.17783999,0.40314697,0.99949558,,0.00331687,0,0.0325404,2.57899986,0.14157044,0.09028799,0.93561336,0.05961501,0.2651292,0,0.0191268,0,0.17302319,0.20343959,1.1680254,0.64296,0,,,,0,0,0.01067734,0.0011014,0.0054,0.05528115,,0,0.11552861,0.15174719,0.01827288,0.00217112,2.83434962,24.7457074,1.4609556,0.464373,1.49514818,1.17850882,0.69232691,0.00123327,59.0772384,0,0.09187338
1986,15.7063212,16.6524156,0.33499706,0.49925664,2.7185454,0.11609042,0.01547872,1.37481948,0.01547872,0.5430051,0.52678541,0.04443718,0.4780944,0.1945606,0.10465253,0.00044225,,0.00102357,0.09474728,,0.10791736,0.30249182,0.004979,0,0.02745578,0.1300554,0.00044225,0,,0.00022113,,0.02589819,0.07141959,,0.00411837,0.196812,0,0.16471249,0.00110562,,0.50454536,0,0.00455555,0.25919102,0.21744086,1.22810933,0.05301,0.06280192,0.00153605,0.54135446,0.08603585,0,0.14863538,0.195966,,0.19152,0.5421906,0.88781792,,0.00331687,0,0.0378459,2.358,0.1702533,0.10530179,0.93218508,0.06969221,0.2843676,0,0.02028758,0,0.1570833,0.216108,1.1820312,0.86184,0,,,,0,0,0.01577335,0.00106233,0.0136539,0.04422492,,0,0.13478338,0.1552842,0.01957808,0.01738584,2.88579636,26.2140066,1.35261058,0.534222,1.57193406,1.3151327,0.762197,0.00128538,60.605226,0,0.096355
1987,16.2713214,18.0196992,0.41010361,0.5039734,2.94683436,0.10945669,0.01768997,1.55162808,0.01768997,0.53040154,0.53782052,0.04671601,0.43942496,0.18903402,0.12296133,0.00033169,,0.0011183,0.09910156,,0.12054482,0.3017898,0.00438152,0,0.02745578,0.1370493,0.00221125,0,,0.0008845,,0.02443353,0.09102901,,0.0026083,0.217602,0,0.1528231,0.00453306,,0.5662998,0,0.00516654,0.25507685,0.2504772,1.3121514,0.12825,0.06280192,0.00230407,0.55482574,0.0895238,0,0.1610642,0.163476,,0.171,0.58623574,0.9024156,,0.00232181,0,0.0420903,2.36199996,0.16323939,0.1042758,1.00583107,0.07807293,0.30450778,0,0.0201663,0,0.1578132,0.2090286,1.12340851,0.91655996,0,,,,0,0,0.03017496,0.00032092,0.0134433,0.0475418,,0,0.18831164,0.1644966,0.01696767,0.01086615,3.00163716,27.4740552,1.21292028,0.59283896,1.64570537,1.35601765,0.74273648,0.00128538,63.6428808,0,0.08627134
1988,16.7107518,19.5260328,0.44522883,0.51739823,3.40296678,0.11719606,0.02764058,1.62209178,0.01990122,0.6287796,0.55077617,0.04990194,0.4183326,0.20079892,0.14472388,0.00099506,,0.00066401,0.10475373,,0.12131123,0.3135483,0.00039832,0,0.0369597,0.13215869,0,0,,0.00077394,,0.03293215,0.08990311,,0.00384381,0.23977799,0,0.12600935,0.00386968,,0.5269833,0,0.00624756,0.22753978,0.29341757,1.43309873,0.19152,0.07557521,0.00153605,0.5639067,0.08603585,0,0.18206814,0.23392799,,0.18809999,0.60520194,0.91415621,,0.00232181,0,0.0367848,2.08500012,0.17932637,0.1253601,1.01221546,0.07856491,0.32284436,0,0.01902285,0,0.15661799,0.21834359,1.10012717,0.99521993,0,,,,0,0,0.03741695,0.00022683,0.0318006,0.02653495,,0,0.22319495,0.18933929,0.01566247,0.00325668,3.00845106,29.4610993,1.10389374,0.609336,1.58482937,1.3594248,0.76035881,0.00097272,66.4479648,0,0.11988355
1989,16.9468848,20.3867946,0.56220606,0.54602568,3.61536948,0.1149848,0.02764058,1.74899387,0.01658435,0.6648399,0.6374723,0.05330434,0.3902094,0.20887945,0.15299521,0.00110562,,0.00052958,0.11048965,,0.12437687,0.3072654,0.00039832,0,0.06019152,0.133569,0,0,,0.00121619,,0.03186982,0.11529216,,0.00384381,0.268191,0,0.12123205,0.00353799,,0.551529,0,0.00624756,0.21942869,0.34885654,1.50764029,0.22058999,0.08532411,0.00153605,0.5764059,0.08254792,0.00309575,0.17124715,0.279072,,0.23256,0.65502486,0.87755324,,0.00232181,0,0.0385533,2.27899994,0.18400652,0.1451448,1.02679902,0.08153378,0.344187,0,0.01612958,0,0.1450215,0.231012,0.9862029,1.01916,0,,,,0,0,0.06621066,0.00012049,0.0520533,0.05528115,,0,0.22297022,0.18970109,0.01696767,0.00651336,3.0629646,30.4567884,1.04938056,0.71533796,1.55200486,1.40030964,0.78073848,0.00114642,68.7491784,0,0.11316111
1990,17.4016055,21.58524,0.88984933,0.5550601,3.72412044,0.11498755,0.00995288,1.85965092,0.02100586,0.6245784,0.74200129,0.04785226,0.3480246,0.21876029,0.16467124,0.00132753,,0.00044618,0.112918,,0.11323849,0.31328503,0.00035152,0,0.06969544,0.1412856,0,0,,0.00126041,,0.02655819,0.11773161,,0.00549116,0.2796255,0,0.117214,0.00331687,,0.5408865,0,0.005922,0.17708978,0.41733844,1.6034337,0.13611599,0.08737062,0.00116191,0.58739756,0.09460507,0.00507481,0.18154495,0.143298,,0.21204,0.64840975,0.94990104,,0.00221125,0,0.0300645,2.28299976,0.1825672,0.1382022,0.91038074,0.08811621,0.36763376,0,0.01543657,0,0.0995589,0.234738,0.95922983,1.146384,0,,,,0,0,0.05898769,0.00013981,0.0573183,0.08845153,,0,0.24299519,0.19668149,0.01566247,0.00812734,2.85273468,31.1837796,0.95738929,0.705861,1.71374094,1.325016,0.87774138,0.0013896,70.9097976,0,0.10531826
1991,17.3091006,21.2872824,1.05118884,0.56202653,3.9196278,0.01216186,0.00551228,2.0053098,0.02211246,0.69774926,0.776754,0.04997902,0.30232441,0.2085445,0.16958695,0.00128849,,0.00038349,0.1122481,,0.11772219,0.318006,0.00033929,0,0.05491156,0.1399014,0,0,,0.00130464,,0.02057072,0.14791764,,0.00442884,0.31462201,0,0.13254171,0.00392341,,0.55423015,0,0.00620501,0.1793496,0.46478887,1.76073156,0.059508,0.08959032,0.00116191,0.59079863,0.09933497,0.00507481,0.20123711,0.0171,,0.22366799,0.76995252,0.96332738,,0.00151932,0,0.0304182,2.58119978,0.19916422,0.13481639,0.89421516,0.08933769,0.3970926,0,0.0144837,0,0.111294,0.2842938,0.8397666,1.202814,0,,,,0,0,0.0553762,0.00011908,0.0669006,0.03627248,,0,0.30114459,0.19926595,0.0110624,0.00778231,2.74116168,30.588354,0.83132744,0.835731,1.90809227,1.36139843,0.87520392,0.00250128,71.854884,0,0.10307745
1992,17.4480822,21.320388,1.11255912,0.57291145,4.3187292,0.01171352,0.00397104,2.08804086,0.0222557,0.70335086,0.84000942,0.05423255,0.2777166,0.24367176,0.18493259,0.00187416,0.01121345,0.00022141,0.10192044,0.00085061,0.13335836,0.3422952,0.00147678,0,0.05854897,0.1433124,0,0,0.07106171,0.00134886,,0.01017222,0.15407639,,0.004848,0.340263,0,0.12961321,0.00390451,0.00078499,0.56217485,0,0.00609941,0.17877287,0.51964884,1.86591888,0.077634,0.08843737,0.00083385,0.6168627,0.0984077,0.0058598,0.20704316,0.089604,0.00385066,0.231534,0.80604274,0.93375108,0,0.00093681,0,0.0307719,2.59219994,0.21128747,0.14593138,0.92303658,0.09765054,0.38957759,0.00234392,0.01306305,0,0.1071738,0.29612783,0.73736366,1.30815,0,0.0330316,,0.00057724,0.0491968,0,0.05071833,0.00010911,0.06919919,0.03281726,0.00390285,0,0.32127718,0.19255684,0.01843733,0.00759063,1.810809,,0.71548668,0.778167,1.94037228,1.384614,0.86385528,0.0072954,72.0660312,0,
1993,17.6464764,20.4695604,0.59447394,0.60828761,4.75430508,0.01171352,0.0011675,2.11487796,0.02186525,0.7534152,0.87782047,0.05635933,0.2390472,0.26100511,0.20700911,0.00183512,0.01121345,0.00017816,0.10168862,0,0.15622066,0.36242503,0.00258431,0,0.06526027,0.1403055,0,0,0.08074523,0.00138203,0.00876023,,0.16903044,,0.00484595,0.39119848,0,0.13428596,0.00390451,0,0.55945278,0,0.00433693,0.18088268,0.52801506,1.93851234,0.08720999,0.10039098,0.0011624,0.65655896,0.10158911,0.00780902,0.17061934,0.18536399,0.00154106,0.217512,0.86846792,1.00001556,0,0.00117086,0,0.038907,2.6424,0.18940853,0.1662804,0.88624148,0.09371466,0.4484952,0.00312361,0.01375605,0,0.1369476,0.30858536,0.70171286,1.36936789,0.00067052,0.03756137,0.00916135,0.00071527,0.07008766,0,0.02774368,0.0000900761,0.06849,0.03095111,0,0,0.36160456,0.21611928,0.01620332,0.00766731,2.11988714,,0.65415924,0.806949,2.28130355,1.462923,0.93222684,0.008685,72.8866692,0,
1994,18.3719088,20.1053916,0.94433234,0.63709646,5.1460956,0.01170855,0.0011686,1.94439168,0.02029924,0.77967266,1.0076837,0.0508829,0.2249856,0.26720158,0.21954859,0.00179607,0.01121345,0.0000487868,0.10964953,0,0.17061012,0.3647241,0.00221632,0,0.07234598,0.1447362,0,0,0.07028446,0.00134886,0.01035624,,0.18314518,,0.00484595,0.419265,0,0.13860504,0.00390285,0,0.58651538,0,0.00221169,0.17475437,0.57084905,2.20871844,0.108414,0.10212774,0.00116301,0.69273446,0.1006826,0.01093461,0.11453653,0.20417399,0.00135526,0.21853799,0.91988179,1.05202825,0,0.00117196,0,0.0505791,2.50659972,0.19208822,0.1518822,0.95905062,0.09812556,0.45721258,0.00195695,0.0143451,0,0.1297629,0.32185201,0.6206346,1.46273389,0.00133856,0.03073633,0.01057357,0.00035444,0.07652791,0,0.00840644,0.0000400221,0.0742428,0.03430917,0.00129358,0,0.39972901,0.24752599,0.01532311,0.00762897,1.16389346,,0.62008852,0.906282,2.43554522,1.53430193,0.98603294,0.008685,73.953072,0,
1995,18.1195506,19.4829962,1.14724786,0.6512832,5.498685,0.0078057,0.0011686,2.21368666,0.02186525,0.87560006,1.06545478,0.05565749,0.2320164,0.27163958,0.24272402,0.00183512,0.01159672,0,0.10956121,0.03329094,0.18829781,0.4128111,0.00184855,0,0.07085704,0.1517364,0,0.00155893,0.0769182,0.00160139,0.00921649,,0.19830619,,0.00582063,0.43312496,0,0.13004155,0.00390285,0,0.60522188,0,0.00199377,0.17638057,0.65080184,2.21869534,0.108414,0.10474296,0.00077899,0.68440313,0.10227723,0.01132158,0.15097823,0.3173076,0.00135992,0.216828,1.01839723,1.05070507,0,0.00078499,0,0.0580068,2.54819988,0.18154524,0.16528859,0.99378,0.13745041,0.468936,0.00390285,0.01389465,0.0003611,0.1326888,0.33511864,0.60481076,1.468206,0.00168033,0.03537994,0.01230199,0.00035444,0.07653124,0,0.01766363,0,0.0936198,0.03542851,0.00152576,0,0.42321982,0.26572761,0.0144429,0.00697725,1.049895,,0.57845398,1.099332,2.66563213,1.56028943,1.09893996,0.00505467,75.1806072,0,
1996,18.3683556,19.8835812,1.34925775,0.72979996,5.54105088,0.00898037,0.001168,2.34904594,0.02186525,1.01283926,1.06681334,0.05602966,0.20660006,0.27972011,0.26051278,0.00175703,0.01159672,0.0000794106,0.11063921,0,0.20576717,0.4092309,0.00147555,0,0.07087409,0.1636866,0,0.01405623,0.07028446,0.00167894,0.00847536,,0.24096679,,0.00581761,0.460845,0,0.11203186,0.00390451,0,0.65542226,0,0.00215542,0.16763967,0.71034196,2.33779594,0.110808,0.10096745,0.00077494,0.6851115,0.0999111,0.01054217,0.16650022,0.3181284,0.00093978,0.219564,1.30125751,1.10898094,0,0.00078499,0,0.056592,2.88389988,0.20692624,0.1859454,1.33622842,0.14861339,0.509517,0.00507586,0.01410255,0.00036435,0.1314729,0.34934076,0.57627176,1.518822,0.00201155,0.02619925,0.0112414,0.00038882,0.07187639,0,0.01982856,0,0.0997542,0.03393603,0.00109457,0,0.4892526,0.30003858,0.03458716,0.00789733,1.14345,,0.58479109,1.18638,3.17018761,1.592514,1.18805076,0.00997038,78.839874,0,
1997,18.4154364,18.8473572,1.41767766,0.82373713,5.7503124,0.00898037,0.00077866,2.69491727,0.0222557,0.9585738,1.06695526,0.05362623,0.19675694,0.30031916,0.25607786,0.00167894,0.00773443,0,0.09325602,0,0.22397987,0.40954676,0.00147827,0,0.08340432,0.20426399,0,0.02342705,0.06247213,0.02928381,0.00760406,,0.29498085,,0.004848,0.47124,0,0.09904182,0.00390451,0.0023427,0.64428062,0,0.00210008,0.15641303,0.77229482,2.40008292,0.10430999,0.08871399,0.00077494,0.6654919,0.10454594,0.01132307,0.20708145,0.317034,0.00070281,0.22469399,1.48710949,1.11983303,0,0.00195225,0,0.0534087,2.55419978,0.22144752,0.17908549,1.53441497,0.16903926,0.508014,0.00429496,0.00835065,0.00036435,0.1341504,0.48280154,0.49856216,1.55062793,0.00134103,0.02686302,0.01034639,0.0005134,0.06832889,0,0.00758064,0,0.15472079,0.03468188,0.0015618,0,0.60228918,0.32559613,0.07267681,0.00970858,0.56236954,,0.59347919,1.27448107,3.23463121,1.6330545,1.2319668,0.01844694,78.7787028,0,
1998,18.6238091,19.4863068,1.60098419,0.84463628,5.9617476,0.00898037,0.001168,2.8858356,0.02264615,1.03594583,1.08985356,0.05888371,0.18360934,0.31576844,0.27671204,0.00144467,0.00850787,0,0.09739801,0,0.2346237,0.3780621,0.00111318,0,0.07792235,0.2336238,0,0.03123606,0.06130078,0.01561803,0.00788196,,0.2839212,,0.004848,0.4851,0.0007809,0.08553624,0.00390451,0.0023427,0.62953078,0,0.00187551,0.1380762,0.84754346,2.36003436,0.10089,0.06548297,0.00077494,0.65657394,0.10373252,0.01093262,0.20283728,0.3245922,0.00054663,0.217512,1.48413679,1.18562807,0,0.00195225,0.0023427,0.0622512,2.43640008,0.19389395,0.2166368,1.57907174,0.17551989,0.53506796,0.00429496,0.01417185,0.00036435,0.13601249,0.58425718,0.4668084,1.60124393,0.00134103,0.03678047,0.00930817,0.00035308,0.05661537,0,0.00476149,0,0.1950975,0.03319019,0.0023427,0,0.65389198,0.32559613,0.0831843,0.02166014,0.43243198,,0.57109464,1.301157,3.39830316,1.78101,1.29212654,0.031266,80.8644024,0,
1999,18.3649694,19.598868,1.90728108,0.9142637,6.1394472,0.00898037,0.00077866,3.24384876,0.02186525,1.21029566,1.10565108,0.06521311,0.19675694,0.32673787,0.30169285,0.00183512,0.00812115,0,0.07842262,0,0.27549086,0.3941028,0.00074361,0,0.04698835,0.2049444,0,0.0523204,0.06051988,0.01952254,0.00815695,,0.29106007,,0.004848,0.58212,0.0007809,0.07769993,0.00390451,0.0023427,0.67241948,0,0.0001171,0.12213849,0.86844128,2.55919813,0.108756,0.05134887,0.00038747,0.60365282,0.10409635,0.01093262,0.25383118,0.29712958,0.00039045,0.17783999,1.52018514,1.23246972,0,0.0015618,0.0023427,0.0608364,2.26559988,0.22403434,0.15615779,1.73186136,0.18498635,0.61021796,0.00429496,0.01424115,0.00036435,0.1298826,0.76913417,0.46860116,1.58004,0.00134103,0.02651161,0.00762554,0,0.05466311,0,0.00609006,0,0.19340099,0.03319019,0.0023427,0,0.71627738,0.41067122,0.0831843,0.028024,0.74116346,,0.5756431,1.350999,3.7345212,1.80665089,1.0953036,0.045162,83.1699072,0,
2000,18.6696108,19.334016,2.02811796,0.98690263,6.34696776,0.00898037,0.001168,3.30799068,0.0222557,1.30972403,1.12292381,0.06764923,0.18550765,0.33029665,0.3260948,0.00148029,0.00777311,0.0000640987,0.11240649,0,0.27754967,0.3965598,0.00073242,0,0.04463893,0.20648907,0,0.05271086,0.06481483,0.02342705,0.00788118,,0.30598151,,0.00678721,0.72764993,0.00117135,0.07003501,0.00312361,0.0023427,0.63595613,0,0.00196948,0.11530015,0.91305691,2.54463926,0.10773,0.04595364,0.00038747,0.57451273,0.11226158,0.01132307,0.29456298,0.32832,0.00050759,0.20109599,1.78855906,1.20163212,0,0.00195225,0.0023427,0.120258,2.20900014,0.22591178,0.40336067,1.77920914,0.37155987,0.64629,0.00429496,0.01197158,0.00036435,0.13872419,0.927774,0.45921326,1.703502,0.00167629,0.02120148,0.00618706,0,0.06442438,0,0.00653071,0,0.19340099,0.03319019,0.0015618,0,0.75222104,0.49790412,0.08230867,0.02449704,1.52771846,,0.56836901,1.34713807,4.0845258,1.83333143,1.11584304,0.055584,86.4258048,0,
2001,19.1482189,19.2512531,2.25378853,1.1004327,6.45909228,0.00195225,0.001168,3.11301122,0.02069389,1.3002714,1.17508745,0.06491328,0.18185164,0.34394562,0.36515549,0.00125809,0.00773443,0,0.16369542,0,0.28345673,0.40003466,0.00073242,0,0.04698835,0.21380375,0,0.05271086,0.06871934,0.01171352,0.0056744,,0.31458056,,0.00775681,0.87317996,0.00117135,0.07201189,0.00312361,0.0023427,0.64200175,0,0.00186779,0.11531041,0.91539893,2.47055382,0.094392,0.03157859,0.00038747,0.52649006,0.11172983,0.01132307,0.29629588,0.3249,0.00062472,0.211356,1.76486177,1.19306534,0,0.00195225,0.0023427,0.24759,2.32729992,0.24928387,0.54940831,1.93072367,0.55528704,0.682362,0.00429496,0.0128205,0.00728692,0.14620409,1.00601993,0.45134636,1.836198,0.00167629,0.02350514,0.00701693,0,0.08199468,0,0.02078228,0,0.1981512,0.03169849,0.00195225,0,0.73168121,0.52973514,0.09850771,0.011961,1.66770439,,0.58162252,1.38153593,3.98929212,1.85273546,1.18253617,0.06948,88.467048,0,
2002,18.4042354,19.7114274,2.68009704,1.18504512,6.50601252,0.00195225,0.001168,3.20189699,0.02420795,1.26421106,1.18804176,0.07046015,0.16866889,0.35638038,0.38416097,0.00113231,0.00734771,0,0.20973045,0,0.34245272,0.40221086,0.00075265,0,0.07726134,0.21595253,0,0.05002171,0.05895919,0.01366578,0.00534056,,0.31525403,,0.004848,0.945945,0.04958725,0.07023266,0.00351406,0.00050031,0.64032419,0,0.00197452,0.10969102,0.95595887,2.72124864,0.08071199,0.03121973,0.00037255,0.50509548,0.12367513,0.01210398,0.36008094,0.29788198,0.00039045,0.20178,1.82117412,1.21419828,0,0.00195225,0.0023427,0.297108,2.28670006,0.23466764,0.61705411,2.34366984,0.59918753,0.7397766,0.00429496,0.0153153,0.07276854,0.1494333,1.09916993,0.4437576,1.93913986,0.00167629,0.02342705,0.00675916,0.00023986,0.08980369,0,0.02172872,0,0.21918779,0.03468188,0.0007809,0,0.76479937,0.62144708,0.0941296,0.01449121,1.73908346,,0.63644249,1.522989,3.9055122,1.89847354,1.13548338,0.08337599,90.5304168,0,
2003,18.6428088,20.5423945,2.81115432,1.2704557,6.33769128,0.0007809,0.001168,3.37887313,0.0253793,1.43681033,1.21482806,0.07836818,0.16814159,0.36278622,0.41322346,0.00113231,0.00618755,0,0.24103397,0,0.372028,0.4336254,0.00075265,0,0.06454745,0.20699927,0,0.05002171,0.07037064,0.01444668,0.00610222,,0.29856413,0,0.00727201,1.042965,0.05075861,0.06064107,0.00351406,0.00076971,0.66656387,0,0.00144288,0.10642134,1.02336833,2.84964624,0.053352,0.02607656,0.0007451,0.47959794,0.12755054,0.01210398,0.42357254,0.342,0.00105422,0.18809999,1.89800208,1.25425469,0,0.00195225,0.00312361,0.33955196,2.18580012,0.17938168,0.77017993,2.60685864,0.6600776,0.91981368,0.00546631,0.01812195,0.08808824,0.1511973,1.169964,0.43662148,2.054052,0.00167629,0.01288488,0.00775065,0.00019989,0.08902279,0,0.00865928,0,0.2324205,0.03095265,0.0015618,0,0.79984314,0.90667498,0.10025896,0.02146845,1.923075,,0.6586907,1.57212893,3.8810196,1.911294,1.00795104,0.08243802,93.7687428,0,
2004,18.1119622,20.9727738,3.2774445,1.50430079,6.36246684,0.0007809,0.001168,3.31397748,0.02928381,1.57124873,1.29349116,0.07422973,0.16381764,0.333716,0.44424832,0.00117135,0.0069677,0,0.33911568,0,0.40916799,0.42936559,0.0124428,0,0.06396066,0.22085351,0,0.04852852,0.06213799,0.01444668,0.00756084,,0.3539543,0,0.00824161,1.14345,0.00390451,0.05241812,0.00390451,0.00074659,0.61680658,0,0.00133786,0.110138,1.01295943,2.72500862,0.0342,0.03207626,0.02496088,0.44769449,0.1324087,0.01210398,0.59046912,0.37277998,0.00113231,0.27565196,2.16511992,1.33297362,0,0.0015618,0.04529229,0.36077401,2.57820012,0.15761831,0.82419109,2.82906108,0.6716713,1.10435735,0.00546631,0.029799,0.08425832,0.1643562,1.4594742,0.4344831,2.246256,0.00167629,0.00937082,0.00660858,0.00019989,0.07926152,0,0.01441871,0,0.213759,0.03169849,0.00152276,0.00464362,0.83331259,1.02883194,0.10507489,0.02637553,1.895355,,0.69719069,1.62477893,3.63287304,1.936935,1.13506369,0.1445184,96.9569244,0,
2005,17.6198688,21.2210701,3.47805086,1.78948674,6.44948784,0.0007809,0.001168,3.056823,0.0253793,1.59750626,1.37647001,0.06534334,0.20150623,0.36627426,0.47748089,0.00102889,0.00665803,0,0.41837692,0,0.40469186,0.42153991,0.11798642,0.0007809,0.07518799,0.23206838,0.00468541,0.04852852,0.05829166,0.01561803,0.00717344,,0.39286832,0,0.01260481,1.472625,0.05075861,0.04232867,0.00390451,0.00055995,0.59553626,0,0.00085146,0.10851728,1.02643693,2.7457119,0.04959,0.0215232,0.02570599,0.4169634,0.14216258,0.01093262,0.68339718,0.42065996,0.00117135,0.38646,2.43719928,1.59522804,0,0.00178355,0.08628962,0.431514,2.35199988,0.15028456,0.8274235,3.06715608,0.75057829,1.17396673,0.00390451,0.05255892,0.08042839,0.16263,1.706508,0.4061745,2.43640789,0.00167629,0.00976127,0.00588216,0.00015991,0.07262385,0.02053123,0.00672605,0,0.206973,0.02983387,0.00160085,0.01592097,0.88263864,1.08037242,0.10945302,0.03438786,2.047815,,0.70826368,1.67742893,3.32420494,1.9663875,1.09566324,0.2237256,99.2796624,0,
2006,18.062064,21.7721232,3.78998172,2.12448924,6.45830604,0.0007809,0.001168,2.92678164,0.02655065,1.61396093,1.46456017,0.07550002,0.23776056,0.38747545,0.51708125,0.00104891,0.00658061,0,0.44803051,0,0.41322494,0.44122055,0.01740611,0.0007809,0.0722149,0.24352855,0.00702812,0.04852852,0.0597468,0.01561803,0.00685851,,0.39034652,0.16363674,0.01357441,1.895355,0.05075861,0.04669524,0.00390451,0.0003733,0.58831956,0,0.00121025,0.11091842,1.01472516,2.7142956,0.04959,0.01911501,0.03668,0.37924033,0.15672312,0.01249443,0.71465234,0.424422,0.00101517,0.451269,2.42877204,1.7442792,0.00195225,0.00260226,0.10073631,0.445662,2.32210008,0.154191,0.96809425,3.16811822,0.87449249,1.19950128,0.00546631,0.06151119,0.08425832,0.1624626,1.889082,0.4001904,2.5123662,0.00167629,0.00739134,0.00819693,0.00015991,0.11323074,0.01829413,0.00293741,0,0.21206249,0.01603571,0.00140562,0.01968009,0.90612936,1.28016972,0.10945302,0.03469456,2.03742,,0.71868938,1.71252893,3.01494312,2.03742,1.25802072,0.24318,102.665376,0,
2007,18.7879993,21.6580727,4.24851948,2.51224776,6.28844796,0.0015618,0.0003856,2.93925542,0.03240742,1.56949826,1.53904262,0.07395631,0.38079162,0.40315057,0.55210936,0.00073564,0.00619351,0,0.47988695,0,0.41607846,0.43011461,0.01103107,0.0007809,0.06955477,0.26128382,0.01132307,0.05599445,0.077028,0.0221964,0.00763068,,0.34614612,0.22303373,0.01333201,1.92965846,0.11401164,0.04156455,0.00312361,0.00034868,0.5389105,0,0.0010267,0.09332613,1.04272236,2.61284854,0.16354645,0.01719598,0.04310845,0.33525626,0.16651367,0.00781275,0.81034855,0.38509196,0.00071843,0.52257596,2.4346332,1.6869087,0,0.00249617,0.10307901,0.4782024,2.23210008,0.16979072,1.21083228,3.22676654,0.88583461,1.21680911,0.00531013,0.09270717,0.11150037,0.163147,2.354832,0.3865563,2.545164,0.00167629,0.00368448,0.00505982,0.00011993,0.05973898,0.01478567,0.00072429,0,0.20358,0.01417109,0.0007809,0.02069389,0.96851491,1.35732042,0.06917431,0.03423452,2.2176,,0.71903009,1.76517893,2.71774202,2.12058,1.34089776,0.2459592,105.403126,0,
2008,19.6584275,22.012308,4.44842712,2.91353976,5.9936976,0.00195225,0.00113108,2.97362808,0.02655065,1.5425406,1.5005844,0.06128891,0.57429328,0.43263277,0.58955112,0.00066458,0.00588384,0,0.49651265,0,0.51753845,0.42659989,0.00411036,0.0007809,0.06779438,0.31387912,0.01444668,0.05972741,0.07718004,0.04291304,0.0074657,,0.37764414,0.25651908,0.01083044,2.04331032,0.23231824,0.03609302,0.00312361,0.00027179,0.49086245,0,0.00068133,0.09343835,1.05810696,2.69387798,0.2324745,0.01648105,0.05445278,0.31734637,0.16574704,0.00656271,0.9042871,0.43433998,0.00117135,0.54378,2.49138252,1.70030074,0,0.00238298,0.12148054,0.43858798,2.55269988,0.16014692,1.18005192,3.57583752,0.86890738,1.24587396,0.00507586,0.12592597,0.11325758,0.154487,2.8683121,0.37650059,2.751048,0.00167629,0.00370686,0.00407009,0.00011982,0.05310131,0.00906353,0.00065236,0,0.200187,0.01156063,0.00117135,0.02189134,1.07272584,1.34638254,0.11972966,0.03902617,2.2176,,0.73061417,1.763424,2.61974016,2.19681,1.20323556,0.26051526,109.261116,0,
2009,20.07297,19.302831,4.8864816,3.093831,5.58182952,0.00117135,0.00113108,2.75640732,0.02694111,1.45084284,1.68111331,0.06238878,0.57380818,0.43680616,0.67488257,0.00063755,0.00580642,0,0.42773702,0,0.44196993,0.40062994,0.00037367,0.0007809,0.07572956,0.3640255,0.02069389,0.05972741,0.07509409,0.04291304,0.0084579,,0.31524304,0.25809282,0.01165669,2.17220846,0.24481267,0.03432685,0.00312361,0.00033973,0.45886207,0,0.00054559,0.10647769,1.30139784,2.80958598,0.24669828,0.01472712,0.04462103,0.2747662,0.15960715,0.00687522,0.93649356,0.3929238,0.00060129,0.54378,2.38196484,1.8929898,0,0.00238298,0.11073737,0.40868543,2.358,0.16731241,0.8349098,3.72471192,0.86090292,1.24925998,0.00390451,0.12908879,0.12134741,0.15407,3.32731778,0.3742344,2.68299,0.00167629,0.00704303,0.0040831,0.00011982,0.04138779,0.02088811,0.0005743,0,0.22088429,0.01156063,0.00148371,0.02569166,1.05803028,1.38809556,0.07296656,0.02624769,1.199583,,0.7321473,1.71428389,2.203407,2.103255,1.14465409,0.2782674,105.872476,0.0281484,
2010,20.7056664,21.5419237,5.18076576,3.47560236,5.38527888,0.00554045,0.00037255,2.7862758,0.02865909,1.40389178,1.89451825,0.06504919,0.58611208,0.44743162,0.69313421,0.00063055,0.00104516,0,0.49372207,0,0.54073987,0.43111253,0.00188513,0.00819947,0.07296078,0.39036195,0.03631193,0.06178055,0.07204432,0.03958358,0.00943469,,0.3072938,0.23566705,0.01299563,2.12473786,0.26316385,0.02902475,0.00312361,0.00017528,0.40046371,0,0.00032727,0.10405575,1.70745073,3.13201836,0.25686932,0.0104337,0.05953722,0.28823634,0.14701374,0.00687522,0.9808866,0.4012686,0.00046854,0.57503876,2.34295402,1.8424013,0,0.00270183,0.12891814,0.43948357,2.70959976,0.17949122,1.11263994,3.82303332,0.92511936,1.27254222,0.00429496,0.26333806,0.11038906,0.15461699,4.432005,0.3608442,2.99797186,0.00167629,0.01297401,0.00411147,0.00027955,0.03787373,0.02255656,0.00207577,0,0.3033342,0.00969601,0.00160085,0.03045516,1.2137436,1.45054908,0.08047277,0.02615632,1.44460174,,0.6994053,1.79999813,2.08443348,2.05717032,1.09626264,0.32662546,113.407546,0.22519079,
2011,22.224906,22.2057972,5.435505,3.8219616,5.43856788,0.00630182,0.00037255,2.865555,0.0293619,1.35784238,1.9602545,0.06409539,0.57516865,0.45446684,0.70495736,0.00064456,0.00116017,0,0.54122404,0,0.62017074,0.44923648,0.0131959,0.00585676,0.06223586,0.37965048,0.04490184,0.0608473,0.06865893,0.03810382,0.00881854,,0.24685643,0.21874941,0.00949075,2.12915786,0.26863014,0.02398573,0.00273316,0.00010518,0.3767562,0,0.00029925,0.09848636,1.54560211,2.97644544,0.22686912,0.00866924,0.09983588,0.28972177,0.14685322,0.00621895,1.03225561,0.46282856,0.00039045,0.268641,2.41024198,1.87556353,0,0.00231586,0.15784207,0.45180086,2.50189981,0.16207368,1.31132934,3.61824786,0.97660361,1.27222722,0.00390451,0.41329946,0.12158234,0.161185,5.4128124,0.362862,3.155292,0.00134103,0.01927567,0.00478523,0.0000799386,0.0499777,0.01891513,0.00211678,0,0.2670291,0.01081478,0.00074186,0.01952254,1.21693986,1.3926677,0.0765086,0.0291199,2.02721242,,0.70359599,1.8360108,1.65897108,2.03915232,1.08851033,0.2945952,117.272232,0.3392289,
2012,23.3684928,21.6667775,5.649687,4.01321088,5.4109872,0.00625887,0.00063334,2.823975,0.02967426,1.32088327,2.09828891,0.06888769,0.6061288,0.46986674,0.76810601,0.00073764,0.00077344,0,0.60694106,0,0.71398256,0.44104594,0.01435346,0.01062026,0.04908413,0.41492329,0.0456437,0.06644675,0.06451276,0.0382518,0.00995849,,0.215683,0.21599537,0.02035983,2.10953448,0.24871717,0.02101724,0.01503236,0.0000701178,0.34060939,0,0.00032127,0.08232091,1.34164159,2.81878441,0.22828843,0.00790269,0.05260583,0.29504894,0.14002247,0.00562518,1.04469926,0.530613,0.00023427,0.41723998,2.49302592,1.8306067,0,0.00304921,0.20205438,0.45039965,2.46250008,0.17906664,1.4097708,4.09905144,1.01959164,1.31750035,0.00390451,0.4304907,0.10614332,0.163569,5.85166788,0.36352708,3.39708582,0.00160924,0.02083255,0.00592205,0.0000800442,0.04294958,0.01821838,0.00241105,0,0.2188485,0.01480506,0.00058568,0.02264615,1.38419485,1.38716665,0.07373367,0.02424376,2.1226104,,0.69814469,1.90593,1.41092579,2.0349945,1.14857028,0.32499266,119.742779,0.2742084,
2013,23.6049379,22.1218646,5.6710098,4.3851852,5.46913224,0.00603241,0.00070785,2.85619943,0.0361167,1.2440106,2.18075688,0.05543482,0.62908434,0.50248188,0.7903003,0.00086475,0.00146954,0,0.70470587,0,0.79018538,0.4284473,0.01048131,0.0000000000000000019656,0.03828285,0.47604514,0.06442438,0.07630177,0.05629652,0.03943561,0.00958712,,0.17904906,0.25376506,0.02028107,1.94273424,0.25574526,0.01347129,0.01241634,0.00021033,0.30974848,0,0.00027023,0.07190451,1.11827268,2.7944514,0.25461558,0.00675669,0.1747128,0.26522982,0.12788941,0.00518766,1.09604038,0.55784297,0.00124944,0.43776,2.6131896,1.88956944,0,0.00374396,0.21816914,0.46299391,2.60659994,0.18733295,1.19158452,3.8854944,1.1082924,1.28108617,0.00429496,0.4463685,0.13547748,0.160067,6.04401156,0.3600684,3.421026,0.00201155,0.02298252,0.00486007,0.0001199,0.04607319,0.01934427,0.00236139,0,0.179829,0.01279127,0.00050759,0.0253793,1.40165089,1.39490136,0.07333726,0.0206092,2.1226104,,0.72570794,1.91646,1.33129368,2.01247186,1.10125764,0.33874972,121.164984,0.3727071,
2014,25.3701526,21.2815847,6.3162216,4.7225106,5.7236976,0.00554045,0.00119216,2.8862064,0.02854196,1.24149168,2.34987912,0.05051806,0.66182677,0.52907494,0.82880172,0.00055448,0.00116017,0,0.73533686,0,0.8405163,0.45677326,0.00678646,0.01831214,0.0312745,0.44398202,0.05856762,0.07693637,0.05313935,0.0443928,0.00986743,,0.17282357,0.24786353,0.02276205,1.69059769,0.24051769,0.00070853,0.01639893,0.0000350589,0.29097875,0.00195225,0.00025321,0.06692034,1.05678792,2.75038488,0.27111002,0.00571577,0.30334748,0.24514402,0.11936009,0.00453139,1.17984967,0.51398417,0.00132753,0.42579,2.5982676,1.84679298,0,0.00374396,0.23139151,0.59555491,2.17389996,0.20420977,1.43937115,3.86968068,1.05656681,1.25952077,0.18546413,0.47258028,0.10421345,0.15601399,6.09930792,0.3669948,3.501396,0.00201155,0.02224115,0.0039033,0.0001199,0.03709283,0.01344326,0.00096881,0,0.166257,0.01271669,0.00046854,0.02147479,1.40731171,1.37041931,0.06584497,0.01837271,2.2861503,,0.7278885,1.90398517,1.34753458,2.0266785,1.14437448,0.3546954,123.681658,0.3514203,
2015,26.6509141,21.0398238,6.60772404,4.88407932,5.78720376,0.00570834,0.00130393,2.93080068,0.03018185,1.27768118,2.67471648,0.0483038,0.67622591,0.52503646,0.93074623,0.0006926,0.00116017,0,0.72337144,0,0.85696182,0.47849227,0.00393442,0.02655065,0.03945518,0.41797138,0.05856762,0.07701103,0.05131352,0.0462425,0.00953707,,0.17256762,0.30294436,0.01957221,1.5332625,0.24207952,0.00089075,0.01475904,0.00035055,0.27087959,0.02792078,0.00021919,0.06374127,1.01314008,2.74183902,0.26283949,0.00499316,0.32638655,0.23218877,0.11802512,0.0047189,0.97715628,0.5782878,0.00117135,0.5298606,2.76645636,1.72609002,0,0.00362817,0.23531692,0.69180055,1.65139992,0.18827719,1.71235019,4.18071168,1.10689632,1.26171245,0.3826418,0.45564178,0.10035369,0.154197,6.33112128,0.3678201,3.57218986,0.0020786,0.02224115,0.00366204,0.00011973,0.04294958,0.00784886,0.00252113,0,0.145899,0.01253023,0.0007809,0.04294958,1.34918161,1.29441082,0.06243577,0.01459624,2.3713272,,0.67800881,2.10955453,1.46380255,1.930005,1.29834036,0.37032839,126.282204,0.1028286,
2016,26.1848196,21.2139122,7.17630912,4.96589796,5.941305,0.0064541,0.00167646,3.29012136,0.06688391,1.34216489,3.3868692,0.04535852,0.65799144,0.51988936,0.95223406,0.00067053,0.00085079,0,0.68038211,0,0.86844874,0.46594242,0.00350631,0.02811245,0.04724438,0.43171621,0.05466315,0.08623138,0.04606429,0.04402288,0.00841734,,0.16920369,0.2482155,0.02154123,1.449063,0.22661778,0.00084834,0.01479808,0.00022308,0.24922949,0.02483332,0.00049316,0.06622327,0.95696334,2.70287856,0.35624081,0.11608992,0.36555264,0.19835147,0.12157378,0.00400013,1.11345228,0.5913522,0.00106154,0.5325102,2.76103728,1.5714513,0.00036957,0.00331939,0.23924226,0.6580827,1.59429996,0.19253372,1.53493265,4.17207312,1.13319007,1.24843273,0.42927088,0.50466362,0.1198839,0.14874499,6.2916678,0.3258999,3.791412,0.00201155,0.02038774,0.00362308,0.00019954,0.03791282,0.0064294,0.00219582,0,0.1272375,0.0107775,0.00074168,0.05867542,1.34185342,1.1261412,0.05426964,0.0140599,2.275929,,0.68482303,2.14274952,1.50257473,1.912464,1.34059439,0.3685914,127.601042,0.0180405,
2017,26.8621452,22.8801924,7.69860252,5.37118164,6.16566492,,,3.34715508,,1.33739604,3.97060704,,0.63931057,0.52078766,0.95733623,,,,0.66936582,,0.97853112,0.46277665,,,,0.4230891,,,,,,,0.18180103,,,1.75725526,,,,,0.2295418,,,,0.99695963,2.61737953,0.36424073,,,0.1898301,,,1.30961347,0.58487904,,0.4893768,2.86499178,1.37766391,,,,0.64076011,1.36569996,,1.69940225,4.45468176,1.16364287,1.24745393,,0.46838689,,0.14543999,6.13929168,0.36041044,3.93300756,,,,,,,,,0.125541,,,,1.29407454,1.14742541,,,2.11238928,,0.6984513,1.95348456,1.50784729,1.9298448,1.3897939,0.34274482,132.187428,0.01082403,
2018,30.2736996,24.0878088,8.09636292,5.8110786,6.36396552,,,3.378375,,1.41923837,4.58646696,,0.67530481,0.52730838,0.95694372,,,,0.62393191,,0.90584485,0.45234979,,,,0.4455482,,,,,,,0.1545394,,,2.1080997,,,,,0.19950386,,,,0.9896935,2.62086012,0.38065446,,,0.18681109,,,1.41042161,0.60663208,,0.47469506,2.740284,1.36363799,,,,0.61098152,1.1691,,1.73770391,4.36632732,1.30797522,1.23120374,,0.46121346,,0.14332699,6.30730332,0.35847536,4.0356,,,,,,,,,0.1248624,,,,1.25021218,1.22260014,,,2.21460156,,0.70867256,1.90512158,1.4630035,2.0982654,1.13828753,0.3477474,138.80952,0.00360801,
2019,33.411996,24.444967,8.38440252,6.36269184,6.1065702,,,3.13028086,,1.49814936,5.25968568,,0.86177567,0.5855747,0.91023959,,,,0.5434196,,0.92687497,0.4672849,,,,0.45425592,,,,,,,0.11529204,,,2.33779306,,,,,0.19190732,,,,0.96859886,2.43300366,0.39480671,,,0.16636491,,,1.20585521,0.47715836,,0.4852867,2.78931071,1.32159398,,,,0.66534858,0.99819997,,1.77404929,4.11335424,1.32084702,1.17696348,,0.48584851,,0.14346698,6.3774882,0.3464131,4.2014,,,,,,,,,0.1197729,,,,1.28781673,1.24419204,,,2.27387448,,0.6984513,2.0230853,1.41447283,2.06850276,0.92074385,0.354348,142.863523,0.00360801,
2020,32.979762,22.9840787,8.98308792,6.98433192,5.962068,,,2.93128596,,1.37853094,5.25110256,,0.93113449,0.59172048,0.8543124,,,,0.52895286,,0.8725082,0.45506844,,,,0.44838112,,,,,,,0.04966894,,,2.1047557,,,,,0.16316713,,,,0.85538254,2.1433711,0.25219273,,,0.14083527,,,1.10211156,0.4405986,,0.44459996,2.59904354,1.27891008,,,,0.63024707,0.7227,,1.77952093,4.01361192,1.32949458,1.101087,,0.43801434,,0.141436,6.29765424,0.30946759,4.0698,,,,,,,,,0.105183,,,,1.17725681,1.06074954,,,2.3765274,,0.68823007,1.81982891,1.42457047,1.69564219,0.77619913,0.3182184,138.9816,0.00469041,
2021,33.9891084,25.2762066,9.2394054,7.5316644,6.20455392,,,3.6395321,,1.38990575,5.3359614,,1.14509938,0.62021696,0.84999524,,,,0.54538913,,0.87597637,0.41524952,,,,0.45239191,,,,,,,0.05254398,,,2.44077948,,,,,0.16332539,,,,1.02739723,2.13450995,0.32785054,,,0.11462905,,,0.96103807,0.4352979,,0.52107116,2.80903968,1.38125203,,,,0.61825129,0.64959998,,1.62632351,4.11532128,1.44840949,1.17584694,,0.41338924,,0.139834,6.3712944,0.31088471,4.12058448,,,,,,,,,0.11071349,,,,1.13493384,0.89002789,,,2.85420938,,0.6746018,2.10044196,1.18027332,1.8330786,1.01012782,0.2591604,145.923131,0.00469041,
2022,35.2278252,22.2612538,9.33835068,7.98629148,6.66058896,,,3.5343,,1.49730552,5.50135224,,1.22892397,0.61591846,0.83746912,,,,0.48242653,,0.82735427,0.38135156,,,,0.44756202,,,,,,,0.05266484,,,2.32157462,,,,,0.1532619,,,,1.07286948,2.07792216,0.33943673,,,0.11369174,,,0.93460896,0.48066246,,0.53362717,2.96811504,1.45264813,,,,0.60747624,0.54259996,,1.4538119,4.42253808,1.51534159,1.03251103,,0.49809326,,0.14404267,6.42279816,0.31789555,4.33287828,,,,,,,,,0.11045201,,,,0.92315063,0.93527579,,,2.81765484,,0.63030974,2.08786572,1.37359159,1.76025233,1.05039425,0.28069916,145.577376,0.00469041,
